slug,title,words_in_prose,sentences,sentences_without_own_citation,uncited_share,paragraphs_without_any_citation,table_rows,sources_listed,dangling_citation_numbers,sources_never_cited,wikipedia_mos_words_to_watch:puffery,wikipedia_mos_words_to_watch:contentious_labels,wikipedia_mos_words_to_watch:unsupported_attributions,wikipedia_mos_words_to_watch:expressions_of_doubt,wikipedia_mos_words_to_watch:editorializing,wikipedia_mos_words_to_watch:editorializing_connectives,wikipedia_mos_words_to_watch:synonyms_for_said,hyland_2005_hedges_boosters:hedges,hyland_2005_hedges_boosters:boosters
ashley-montagu-resolution,Ashley Montagu Resolution,6835,189,40,0.212,2,1,59,none,none,1,1,0,3,3,55,2,52,10
brit-milah,Brit milah,9815,281,47,0.167,8,6,195,none,none,5,0,0,1,7,89,7,97,27
brit-shalom-naming-ceremony,Brit shalom (naming ceremony),3826,106,36,0.34,4,6,39,none,none,2,0,1,1,0,33,0,54,7
children-act-1989-amendment-female-genital-mutilation-act-2019,Children Act 1989 (Amendment) (Female Genital Mutilation) Act 2019,3809,106,10,0.094,0,0,48,2019,none,4,0,0,0,4,21,2,23,8
circumcision,Circumcision,9924,384,116,0.302,10,12,258,259,none,7,2,0,0,5,94,17,165,56
circumcision-and-hiv,Circumcision and HIV,7516,216,44,0.204,0,5,135,none,none,3,0,0,0,2,54,5,86,27
circumcision-and-law,Circumcision and law,11105,320,82,0.256,3,0,218,2000,none,6,0,1,5,10,134,4,112,20
circumcision-controversies,Circumcision controversies,6156,180,42,0.233,5,0,153,none,none,3,0,0,2,5,44,3,85,25
circumcision-controversy-in-early-christianity,Circumcision controversy in early Christianity,5636,161,32,0.199,1,0,101,none,none,4,3,0,0,6,39,3,51,21
circumcision-in-africa,Circumcision in Africa,7611,223,55,0.247,0,15,133,none,133,1,0,0,1,1,83,6,106,26
circumcision-in-brunei,Circumcision in Brunei,1070,42,19,0.452,3,0,24,none,22–24,1,0,0,0,0,6,1,6,3
circumcision-in-china,Circumcision in China,1497,55,18,0.327,4,0,36,none,33–36,0,0,0,0,0,13,0,24,7
circumcision-in-the-bible,Circumcision in the Bible,2989,100,34,0.34,2,0,39,none,none,0,0,0,0,3,12,1,23,19
circumcision-of-jesus,Circumcision of Jesus,5218,145,22,0.152,0,0,80,none,none,9,0,0,3,3,29,7,55,6
circumcision-surgical-procedure,Circumcision surgical procedure,8510,260,72,0.277,2,5,154,"2014, 2021, 2024–2025",none,0,0,0,0,2,83,7,129,20
clitoridectomy,Clitoridectomy,6855,204,30,0.147,0,5,127,none,none,1,1,0,2,1,72,11,95,15
cost-of-circumcision-surgery-in-chaozhou,Cost of circumcision surgery in Chaozhou,3240,115,46,0.4,10,0,27,none,27,1,0,0,0,1,19,0,94,9
cultural-views-on-circumcision-aesthetics,Cultural views on circumcision aesthetics,2927,96,28,0.292,1,0,68,none,none,1,0,0,1,1,15,3,40,4
ethics-of-circumcision,Ethics of circumcision,8954,242,43,0.178,0,0,187,none,none,2,0,0,0,6,65,9,99,47
feast-of-the-circumcision-of-christ,Feast of the Circumcision of Christ,4605,138,57,0.413,0,0,81,none,77–81,9,0,0,0,1,25,1,21,8
female-genital-mutilation,Female genital mutilation,9833,291,134,0.46,31,10,3,4–76,none,3,0,1,6,5,91,11,119,33
female-genital-mutilation-act-2003,Female Genital Mutilation Act 2003,6959,200,42,0.21,4,0,95,none,none,1,0,0,0,9,49,4,76,20
female-genital-mutilation-in-india,Female genital mutilation in India,7243,201,35,0.174,0,0,96,97,none,1,8,0,2,3,50,8,103,16
female-genital-mutilation-in-new-zealand,Female genital mutilation in New Zealand,4316,121,27,0.223,6,4,34,none,none,1,0,0,2,4,28,7,34,8
female-genital-mutilation-in-nigeria,Female genital mutilation in Nigeria,5403,154,33,0.214,0,0,71,none,none,1,0,0,1,3,40,5,73,16
female-genital-mutilation-in-sudan,Female genital mutilation in Sudan,7621,215,24,0.112,0,0,67,none,none,0,0,0,0,3,69,13,89,13
female-genital-mutilation-in-the-gambia,Female genital mutilation in the Gambia,4226,122,22,0.18,3,18,38,none,none,3,0,0,1,7,40,1,34,13
female-genital-mutilation-in-the-united-kingdom,Female genital mutilation in the United Kingdom,5906,168,51,0.304,10,4,54,none,none,5,0,0,1,10,44,2,73,15
female-genital-mutilation-in-the-united-states,Female genital mutilation in the United States,6380,187,28,0.15,1,0,103,none,none,1,1,0,1,1,36,10,77,20
female-genital-mutilation-laws-by-country,Female genital mutilation laws by country,8547,243,71,0.292,3,34,155,none,none,4,1,0,0,6,92,1,80,22
forced-circumcision,Forced circumcision,7978,220,37,0.168,0,6,134,none,none,2,2,0,1,1,82,4,104,16
forced-circumcision-of-minors-in-south-korea,Forced circumcision of minors in South Korea,1502,47,12,0.255,2,0,22,none,22,1,0,1,1,0,12,0,25,1
foreskin,Foreskin,7231,225,25,0.111,3,5,165,none,none,4,0,0,1,2,63,8,104,16
foreskin-man,Foreskin Man,4069,115,15,0.13,0,0,82,none,none,1,0,0,2,1,36,2,43,7
foreskin-restoration,Foreskin restoration,6327,210,51,0.243,8,16,55,none,none,2,0,0,1,1,57,6,89,8
gishiri-cutting,Gishiri cutting,4972,147,10,0.068,0,0,58,none,none,1,0,0,3,1,29,4,71,12
history-of-circumcision,History of circumcision,6036,180,34,0.189,1,6,119,none,none,3,0,0,3,4,61,3,76,13
holy-prepuce,Holy Prepuce,3869,117,45,0.385,0,0,21,22–23,none,13,2,1,4,6,22,4,44,10
infibulation,Infibulation,6294,187,25,0.134,0,0,126,none,none,1,0,0,0,4,53,7,72,19
international-day-of-zero-tolerance-for-female-genital-mutilation,International Day of Zero Tolerance for Female Genital Mutilation,6395,191,18,0.094,0,0,97,none,none,2,0,0,0,3,59,3,64,20
khitan-circumcision,_Khitan_ (circumcision),5961,178,32,0.18,0,5,111,none,none,7,0,1,0,4,64,4,67,20
lipodermos,Lipodermos,3367,107,36,0.336,2,0,18,none,17–18,4,0,0,0,3,18,0,38,5
meatal-stenosis,Meatal stenosis,3940,130,16,0.123,0,0,60,none,59–60,1,0,0,1,1,36,5,80,10
mohel,Mohel,6477,181,51,0.282,4,0,126,none,none,2,0,0,0,2,57,5,73,15
paraphimosis,Paraphimosis,4249,157,49,0.312,0,0,49,none,46–49,2,0,0,0,4,22,1,82,5
penile-subincision,Penile subincision,4001,115,14,0.122,1,0,45,none,none,2,0,0,1,0,35,2,46,9
phimosis,Phimosis,7595,261,69,0.264,7,11,107,none,none,0,0,0,0,7,58,5,140,20
prevalence-of-circumcision,Prevalence of circumcision,5906,185,58,0.314,4,7,105,none,none,3,0,0,2,0,51,3,115,17
prevalence-of-female-genital-mutilation,Prevalence of female genital mutilation,6257,198,36,0.182,0,5,129,none,129,3,1,0,1,5,77,6,100,18
prohibition-of-female-circumcision-act-1985,Prohibition of Female Circumcision Act 1985,4486,122,34,0.279,5,0,43,none,none,0,0,0,1,5,29,1,39,8
redundant-prepuce,Redundant Prepuce,3159,113,37,0.327,7,0,41,none,38–41,1,0,0,1,1,14,4,74,11
religion-and-circumcision,Religion and circumcision,5990,178,54,0.303,0,0,131,none,none,3,1,0,0,2,48,3,85,21
religious-views-on-female-genital-mutilation,Religious views on female genital mutilation,5222,156,40,0.256,1,0,108,none,108,4,0,1,0,1,36,8,53,14
restoration-device,Restoration device,6226,205,66,0.322,0,0,63,none,none,3,0,0,0,0,64,4,86,11
stapler-circumcision,Stapler circumcision,4295,160,79,0.494,16,0,38,none,33–38,0,0,0,0,1,24,5,86,23
ulwaluko,Ulwaluko,5659,169,20,0.118,0,5,96,none,none,3,0,0,1,0,45,3,58,13
views-on-circumcision,Views on circumcision,5265,151,32,0.212,5,0,2,3–114,none,1,0,0,1,3,41,4,74,22
women-unaffected-by-female-genital-cutting,Women unaffected by female genital cutting,4854,146,41,0.281,1,4,56,none,none,0,0,0,0,4,31,7,89,17
