ref_number,title,url,raw_text
1,“The Sign of a Covenant” - The Commandment of Brit Milah - Article 2,https://www.chabad.org/library/article_cdo/aid/4013850/jewish/The-Sign-of-a-Covenant-The-Commandment-of-Brit-Milah.htm,“The Sign of a Covenant” - The Commandment of Brit Milah - Article 2 chabad.org
2,Bris: The Covenant of Circumcision - JewishArcadia.com - Chabad.org,https://www.chabad.org/library/article_cdo/aid/144122/jewish/Bris-Circumcision.htm,Bris: The Covenant of Circumcision - JewishArcadia.com - Chabad.org chabad.org
3,The Bris Ceremony - Jewish Circumcision - Chabad.org,https://www.chabad.org/library/article_cdo/aid/1472861/jewish/The-Bris-Ceremony.htm,The Bris Ceremony - Jewish Circumcision - Chabad.org chabad.org
4,The Brit Milah (Bris): What You Need to Know - My Jewish Learning,https://www.myjewishlearning.com/article/the-brit-milah-bris-ceremony/,The Brit Milah (Bris): What You Need to Know - My Jewish Learning myjewishlearning.com
5,The Mitzvah of Circumcision (Part I) - Parshat Lech Lecha,https://www.chabad.org/library/article_cdo/aid/1014930/jewish/The-Mitzvah-of-Circumcision-Part-I.htm,The Mitzvah of Circumcision (Part I) - Parshat Lech Lecha chabad.org
6,B'rit Milah: The Circumcision Ritual | Reform Judaism,https://reformjudaism.org/beliefs-practices/lifecycle-rituals/birth-rituals/brit-milah-circumcision-ritual,B'rit Milah: The Circumcision Ritual | Reform Judaism reformjudaism.org
7,Male Circumcision: Integrating Tradition and Medical Evidence - PMC,https://pmc.ncbi.nlm.nih.gov/articles/PMC3638798/,Male Circumcision: Integrating Tradition and Medical Evidence - PMC pmc.ncbi.nlm.nih.gov
8,Brit Milah & Circumcision Medical & Jewish Perspectives - Los ...,https://www.drmohel.com/brit-milah-circumcision-medical-jewish-perspectives-los-angeles-mohel/,Brit Milah & Circumcision Medical & Jewish Perspectives - Los ... drmohel.com
9,Metzitzah B'Peh (Direct Oral Suctioning) - NYC Health,https://www.nyc.gov/site/doh/health/health-topics/safe-bris.page,Metzitzah B'Peh (Direct Oral Suctioning) - NYC Health nyc.gov
10,Baby Dies of Herpes in Ritual Circumcision By Orthodox Jews,https://abcnews.go.com/Health/baby-dies-herpes-virus-ritual-circumcision-nyc-orthodox/story?id=15888618,Baby Dies of Herpes in Ritual Circumcision By Orthodox Jews abcnews.go.com
11,biblegateway.com/passage/?search=Genesis%2017&version=NIV,https://www.biblegateway.com/passage/?search=Genesis%2017&version=NIV,biblegateway.com/passage/?search=Genesis%2017&version=NIV
12,Genesis 17 NASB - Abraham and the Covenant of Circumcision,https://bibleproject.com/bible/nasb/genesis/17,Genesis 17 NASB - Abraham and the Covenant of Circumcision bibleproject.com
13,Enduring Word Bible Commentary Genesis Chapter 17,https://enduringword.com/bible-commentary/genesis-17/,Enduring Word Bible Commentary Genesis Chapter 17 enduringword.com
14,A Cut Above: Circumcision as an Ancient Status Symbol,https://www.sciencedirect.com/science/article/abs/pii/S009042951000169X,A Cut Above: Circumcision as an Ancient Status Symbol sciencedirect.com
15,Circumcision in the Ancient near East - jstor,https://www.jstor.org/stable/3264032,Circumcision in the Ancient near East - jstor jstor.org
16,"The Bible, Archaeology, and the Practice of Circumcision in Israelite ...",https://www.jstor.org/stable/10.15699/jbl.1342.2015.2936,"The Bible, Archaeology, and the Practice of Circumcision in Israelite ... jstor.org"
17,Circumcision - Bible Odyssey,https://www.bibleodyssey.org/articles/circumcision/,Circumcision - Bible Odyssey bibleodyssey.org
18,Jewish Practices & Rituals: Circumcision - Brit Milah,https://www.jewishvirtuallibrary.org/circumcision-brit-milah,Jewish Practices & Rituals: Circumcision - Brit Milah jewishvirtuallibrary.org
19,That Awful 'Oral Suction' Circumcision Ritual? Explained in This ...,https://www.tabletmag.com/sections/belief/articles/birth-right-3,That Awful 'Oral Suction' Circumcision Ritual? Explained in This ... tabletmag.com
20,Metzitza Ba-peh | Yeshivat Har Etzion - תורת הר עציון,https://etzion.org.il/en/halakha/yoreh-deah/circumcision/metzitza-ba-peh,Metzitza Ba-peh | Yeshivat Har Etzion - תורת הר עציון etzion.org.il
21,Brit Milah: Rabbinic Interpretations - My Jewish Learning,https://www.myjewishlearning.com/article/brit-milah-rabbinic-interpretations/,Brit Milah: Rabbinic Interpretations - My Jewish Learning myjewishlearning.com
22,Brit Milah: Why Boys Are Circumcised - My Jewish Learning,https://www.myjewishlearning.com/article/reasons-for-brit-milah/,Brit Milah: Why Boys Are Circumcised - My Jewish Learning myjewishlearning.com
23,A History of Brit Milah | My Jewish Learning,https://www.myjewishlearning.com/article/a-history-of-brit-milah/,A History of Brit Milah | My Jewish Learning myjewishlearning.com
24,The Circumcision Procedure and Blessings - Performing the Bris Milah,https://www.chabad.org/library/article_cdo/aid/144464/jewish/The-Circumcision-Procedure-and-Blessings.htm,The Circumcision Procedure and Blessings - Performing the Bris Milah chabad.org
25,"Genesis, CHAPTER 17 | USCCB - Daily Readings",https://bible.usccb.org/bible/genesis/17,"Genesis, CHAPTER 17 | USCCB - Daily Readings bible.usccb.org"
26,biblegateway.com/passage/?search=Genesis%2017%3A10-11&version=NIV,https://www.biblegateway.com/passage/?search=Genesis%2017%3A10-11&version=NIV,biblegateway.com/passage/?search=Genesis%2017%3A10-11&version=NIV
27,biblegateway.com/passage/?search=Genesis%2017%3A14&version=NIV,https://www.biblegateway.com/passage/?search=Genesis%2017%3A14&version=NIV,biblegateway.com/passage/?search=Genesis%2017%3A14&version=NIV
28,The Mitzvah of Circumcision - Jewish Theological Seminary,https://www.jtsa.edu/torah/the-mitzvah-of-circumcision/,The Mitzvah of Circumcision - Jewish Theological Seminary jtsa.edu
29,"Brit Milah, Covenant and Partnership | Torah Library of Yeshivat ...",https://library.yctorah.org/1998/04/brit-milah-covenant-and-partnership/,"Brit Milah, Covenant and Partnership | Torah Library of Yeshivat ... library.yctorah.org"
30,Circumcision: a religious obligation or 'the cruellest of cuts'? - PMC,https://pmc.ncbi.nlm.nih.gov/articles/PMC2801794/,Circumcision: a religious obligation or 'the cruellest of cuts'? - PMC pmc.ncbi.nlm.nih.gov
31,Who is Obligated in Brit Mila? | Yeshivat Har Etzion - תורת הר עציון,https://etzion.org.il/en/halakha/yoreh-deah/circumcision/who-obligated-brit-mila,Who is Obligated in Brit Mila? | Yeshivat Har Etzion - תורת הר עציון etzion.org.il
32,Bris Milah - Circimcision • Torah.org,https://torah.org/learning/lifecycles-milah-vol1no3/,Bris Milah - Circimcision • Torah.org torah.org
33,Circumcision as Purification - TheTorah.com,https://www.thetorah.com/article/circumcision-as-purification,Circumcision as Purification - TheTorah.com thetorah.com
34,"Circumcision | Texts & Source Sheets from Torah, Talmud ... - Sefaria",https://www.sefaria.org/topics/circumcision,"Circumcision | Texts & Source Sheets from Torah, Talmud ... - Sefaria sefaria.org"
35,The Power of Circumcision - Jewish Theological Seminary,https://www.jtsa.edu/torah/the-power-of-circumcision/,The Power of Circumcision - Jewish Theological Seminary jtsa.edu
36,Compelling Meanings of the Circumcision Covenant: 'Brit Milah',https://evolve.reconstructingjudaism.org/compelling-meanings-of-the-circumcision-covenant-brit-milah/,Compelling Meanings of the Circumcision Covenant: 'Brit Milah' evolve.reconstructingjudaism.org
37,Meaning and Value Attributed to Non-Therapeutic Circumcision of ...,https://www.sciencedirect.com/science/article/pii/S2666623525000649,Meaning and Value Attributed to Non-Therapeutic Circumcision of ... sciencedirect.com
38,Zohar Tazria Chapter 8,https://www.zohar.com/zohar/Tazria/chapters/8,Zohar Tazria Chapter 8 zohar.com
39,Zohar Lech Lecha Chapter 27,https://www.zohar.com/zohar/Lech%20Lecha/chapters/27,Zohar Lech Lecha Chapter 27 zohar.com
40,TIme and Place to Perform Bris Milah - USA Mohel,https://www.usamohel.com/time-and-place,TIme and Place to Perform Bris Milah - USA Mohel usamohel.com
41,The Proper Time for a Brit Mila (1) Zerizin Makdimin Le-mitzvot and ...,https://etzion.org.il/en/halakha/yoreh-deah/circumcision/proper-time-brit-mila-1-zerizin-makdimin-le-mitzvot-and-delaying,The Proper Time for a Brit Mila (1) Zerizin Makdimin Le-mitzvot and ... etzion.org.il
42,New Baby: Brit Milah & Baby Naming - West Hartford - Beth El Temple,https://www.bethelwesthartford.org/community/celebrate/new-baby-brit-milah-baby-naming,New Baby: Brit Milah & Baby Naming - West Hartford - Beth El Temple bethelwesthartford.org
43,Bris / Circumcision - Jews for Jesus,https://jewsforjesus.org/jewish-resources/bris-circumcision,Bris / Circumcision - Jews for Jesus jewsforjesus.org
44,Your Son's Bris Options - Home or Synagogue? - USA Mohel,https://www.usamohel.com/post/your-sons-bris-options-at-home-or-in-the-synagogue,Your Son's Bris Options - Home or Synagogue? - USA Mohel usamohel.com
45,Brit Milah & Baby Naming - B'nai Israel Congregation,https://www.bnaiisraelcong.org/britmilahandbabynaming,Brit Milah & Baby Naming - B'nai Israel Congregation bnaiisraelcong.org
46,New Parents - B'nai Jeshurun,https://bj.org/new-parents/,New Parents - B'nai Jeshurun bj.org
47,Final Preparations Before the Circumcision - The day of the brit milah,https://www.chabad.org/library/article_cdo/aid/144124/jewish/Final-Preparations-Before-the-Circumcision.htm,Final Preparations Before the Circumcision - The day of the brit milah chabad.org
48,How to Prepare for a Brit Milah | Advice from Mohelet Dr. Leonard,https://floridabris.com/preparation.php,How to Prepare for a Brit Milah | Advice from Mohelet Dr. Leonard floridabris.com
49,Planning a Brit Milah (Bris) - My Jewish Learning,https://www.myjewishlearning.com/article/planning-a-brit-milah-bris/,Planning a Brit Milah (Bris) - My Jewish Learning myjewishlearning.com
50,Shulchan Aruch: Chapter 331 - The Laws Governing Circumcision ...,https://www.chabad.org/library/article_cdo/aid/4050915/jewish/Shulchan-Aruch-Chapter-331-The-Laws-Governing-Circumcision-on-Shabbos.htm,Shulchan Aruch: Chapter 331 - The Laws Governing Circumcision ... chabad.org
51,Who Should Preferably Perform Circumcision a Mohel or a Doctor,https://dinonline.org/2020/10/30/who-should-preferably-perform-circumcision-a-mohel-or-a-doctor/,Who Should Preferably Perform Circumcision a Mohel or a Doctor dinonline.org
52,1. Who can be the Mohel - Shulchanaruchharav.com,https://shulchanaruchharav.com/halacha/1-who-can-be-the-mohel/,1. Who can be the Mohel - Shulchanaruchharav.com shulchanaruchharav.com
53,Chapter 6: The Mohel - Shulchanaruchharav.com,https://shulchanaruchharav.com/halacha/chapter-6-the-mohel/,Chapter 6: The Mohel - Shulchanaruchharav.com shulchanaruchharav.com
54,Mohel Training Course for Jewish Physicians and Religious Leaders,https://britmilahtraining.com/,Mohel Training Course for Jewish Physicians and Religious Leaders britmilahtraining.com
55,HISTORIC PERSPECTIVES OF CIRCUMCISION AND ANESTHESIA,https://www.auajournals.org/doi/10.1097/JU.0000000000001992.09,HISTORIC PERSPECTIVES OF CIRCUMCISION AND ANESTHESIA auajournals.org
56,Does the Baby Feel Excruciating Pain During the Circumcision?,https://www.chabad.org/library/article_cdo/aid/1748508/jewish/Does-the-Baby-Feel-Excruciating-Pain-During-the-Circumcision.htm,Does the Baby Feel Excruciating Pain During the Circumcision? chabad.org
57,[PDF] ANESTHESIA AND B'RIT MILAH - The Rabbinical Assembly,https://www.rabbinicalassembly.org/sites/default/files/public/halakhah/teshuvot/19912000/kurtz_anesthesia.pdf,[PDF] ANESTHESIA AND B'RIT MILAH - The Rabbinical Assembly rabbinicalassembly.org
58,Modern Brit Milah Issues – Part Three by Rabbi Chaim Jachter,https://www.koltorah.org/halachah/modern-brit-milah-issues-part-three-by-rabbi-chaim-jachter,Modern Brit Milah Issues – Part Three by Rabbi Chaim Jachter koltorah.org
59,The Use of Anesthesia During Circumcision | Yeshivat Har Etzion,https://etzion.org.il/en/halakha/yoreh-deah/circumcision/use-anesthesia-during-circumcision,The Use of Anesthesia During Circumcision | Yeshivat Har Etzion etzion.org.il
60,Weighing Pain of Circumcision for Baby - The Forward,https://forward.com/news/162432/weighing-pain-of-circumcision-for-baby/,Weighing Pain of Circumcision for Baby - The Forward forward.com
61,What Kind of Anesthesia Is Used for a Bris Ceremony?,https://southfloridamohel.com/anesthesia-for-a-bris/,What Kind of Anesthesia Is Used for a Bris Ceremony? southfloridamohel.com
62,A Comparison of Pain Scores in Neonatal Circumcision with or ...,https://pmc.ncbi.nlm.nih.gov/articles/PMC7113820/,A Comparison of Pain Scores in Neonatal Circumcision with or ... pmc.ncbi.nlm.nih.gov
63,Pain in neonatal circumcision - PubMed,https://pubmed.ncbi.nlm.nih.gov/1879099/,Pain in neonatal circumcision - PubMed pubmed.ncbi.nlm.nih.gov
64,Management of pain in newborn circumcision: a systematic review,https://pmc.ncbi.nlm.nih.gov/articles/PMC7782363/,Management of pain in newborn circumcision: a systematic review pmc.ncbi.nlm.nih.gov
65,Neonatal male circumcision is associated with altered adult socio ...,https://pmc.ncbi.nlm.nih.gov/articles/PMC7702013/,Neonatal male circumcision is associated with altered adult socio ... pmc.ncbi.nlm.nih.gov
66,Pain control in neonatal male circumcision: A best evidence review,https://pubmed.ncbi.nlm.nih.gov/33036929/,Pain control in neonatal male circumcision: A best evidence review pubmed.ncbi.nlm.nih.gov
67,Frequently Asked Questions about Bris Milah,https://mdmohel.com/rabbi-rappaports-comprehensive-guide-to-frequently-asked-questions-about-bris-milah/,Frequently Asked Questions about Bris Milah mdmohel.com
68,What Does a Bris Procedure Entail? - USA Mohel,https://www.usamohel.com/what-does-a-bris-procedure-entails,What Does a Bris Procedure Entail? - USA Mohel usamohel.com
69,The Stages of Brit Mila (2) The Peria - Circumcision - תורת הר עציון,https://etzion.org.il/en/halakha/yoreh-deah/circumcision/stages-brit-mila-2-peria,The Stages of Brit Mila (2) The Peria - Circumcision - תורת הר עציון etzion.org.il
70,"Methods of Circumcision - Rabbi Avi Billet, Mohel in South Florida",http://www.mohelinsouthflorida.com/2009/12/methods-of-circumcision.html,"Methods of Circumcision - Rabbi Avi Billet, Mohel in South Florida mohelinsouthflorida.com"
71,Metzitzah Changes Require Rabbinic Leadership - New York ...,https://www.jta.org/2012/09/20/ny/metzitzah-changes-require-rabbinic-leadership,Metzitzah Changes Require Rabbinic Leadership - New York ... jta.org
72,"Milah U'Priah B'Vas Achas - Rabbi Avi Billet, Mohel in South Florida",http://www.mohelinsouthflorida.com/2012/03/milah-upriah-bvas-achas.html,"Milah U'Priah B'Vas Achas - Rabbi Avi Billet, Mohel in South Florida mohelinsouthflorida.com"
73,Brit Milah - 5769 - Torah Mitzion,https://torahmitzion.org/learn/brit-milah/,Brit Milah - 5769 - Torah Mitzion torahmitzion.org
74,Metzitzah B'Peh--Oral Law? | jewishideas.org,https://www.jewishideas.org/article/metzitzah-bpeh-oral-law,Metzitzah B'Peh--Oral Law? | jewishideas.org jewishideas.org
75,"Halachic, Historical, and Medical Overview of Metzitzah B'Peh",https://matzav.com/halacha-berurah-halachic-historical-and-medical-overview-of-metzitzah-bpeh/,"Halachic, Historical, and Medical Overview of Metzitzah B'Peh matzav.com"
76,Metzitza B'Peh --- Obligation and Performance - Din - Ask the Rabbi,https://dinonline.org/2022/11/04/metzitza-bpeh-obligation-and-performance/,Metzitza B'Peh --- Obligation and Performance - Din - Ask the Rabbi dinonline.org
77,Ritual Circumcision in the Age of Germ Theory Amongst Nineteenth ...,https://pmc.ncbi.nlm.nih.gov/articles/PMC3865957/,Ritual Circumcision in the Age of Germ Theory Amongst Nineteenth ... pmc.ncbi.nlm.nih.gov
78,The Covenant of Circumcision - My Jewish Learning,https://www.myjewishlearning.com/article/the-covenant-of-circumcision/,The Covenant of Circumcision - My Jewish Learning myjewishlearning.com
79,Circumcision--Contemporary Halacha | Sefaria,https://www.sefaria.org/sheets/471756,Circumcision--Contemporary Halacha | Sefaria sefaria.org
80,Hatafat dam brit: The Role of Drawing Blood at the Brit Mila,https://etzion.org.il/en/halakha/yoreh-deah/circumcision/hatafat-dam-brit-role-drawing-blood-brit-mila,Hatafat dam brit: The Role of Drawing Blood at the Brit Mila etzion.org.il
81,"I Would Like to Convert, But I Am Already Circumcised... - Chabad.org",https://www.chabad.org/library/article_cdo/aid/519895/jewish/I-Would-Like-to-Convert-But-I-Am-Already-Circumcised.htm,"I Would Like to Convert, But I Am Already Circumcised... - Chabad.org chabad.org"
82,Hatafat Dam Brit / Brit Milah - BECOMING JEWISH,https://www.becomingjewish.net/blog-into-the-jewish-pool/hatafat-dam-brit-brit-milah,Hatafat Dam Brit / Brit Milah - BECOMING JEWISH becomingjewish.net
83,Hatafat Dam B'rit Archives - Central Conference of American Rabbis,https://www.ccarnet.org/responsa-topics/hatafat-dam-brit/,Hatafat Dam B'rit Archives - Central Conference of American Rabbis ccarnet.org
84,The Brit Mila of a Convert | Yeshivat Har Etzion - תורת הר עציון,https://www.etzion.org.il/en/halakha/yoreh-deah/circumcision/brit-mila-convert,The Brit Mila of a Convert | Yeshivat Har Etzion - תורת הר עציון etzion.org.il
85,britpro.com/default.asp?p=wikipedia_brit,http://www.britpro.com/default.asp?p=wikipedia_brit,britpro.com/default.asp?p=wikipedia_brit
86,"Brit L'shem Gerut | April Rubin, MD - DC Mohel | Washington, DC",https://www.dcmohel.com/brit-lashem-gerut,"Brit L'shem Gerut | April Rubin, MD - DC Mohel | Washington, DC dcmohel.com"
87,etzion.org.il/en/halakha/yoreh-deah/circumcision/use-anesthesia-during-circumcision,https://www.etzion.org.il/en/halakha/yoreh-deah/circumcision/use-anesthesia-during-circumcision,etzion.org.il/en/halakha/yoreh-deah/circumcision/use-anesthesia-during-circumcision
88,How a pastor parted with Jesus and led his congregation to Judaism,https://www.jpost.com/judaism/article-760766,How a pastor parted with Jesus and led his congregation to Judaism jpost.com
89,Never Too Late For a Circumcision - To whom do the millions of ...,https://www.chabad.org/library/article_cdo/aid/811832/jewish/Never-Too-Late-For-a-Circumcision.htm,Never Too Late For a Circumcision - To whom do the millions of ... chabad.org
90,Everything You Need To Know About Adult Jewish Circumcision,https://mdmohel.com/everything-you-need-to-know-about-adult-jewish-circumcision/,Everything You Need To Know About Adult Jewish Circumcision mdmohel.com
91,Ritual Adult Circumcision - Bris Milah in NYC,https://www.newyorkurologyspecialists.com/circumcision/ritual-bris-adult-circumcision/,Ritual Adult Circumcision - Bris Milah in NYC newyorkurologyspecialists.com
92,Ask the Expert: Post-Mortem Bris | My Jewish Learning,https://www.myjewishlearning.com/article/ask-the-expert-post-mortem-bris/,Ask the Expert: Post-Mortem Bris | My Jewish Learning myjewishlearning.com
93,[PDF] Post-Mortem Circumcision | The Rabbinical Assembly,https://www.rabbinicalassembly.org/sites/default/files/public/halakhah/teshuvot/2011-2020/post-mortem-circumcision.pdf,[PDF] Post-Mortem Circumcision | The Rabbinical Assembly rabbinicalassembly.org
94,Post-Mortem Circumcision (Summary) - Writings from the Rabbis,https://www.beth-tzedec.org/page/writings-from-the-rabbis/a/display/s/1/item/post-mortem-circumcision-summary,Post-Mortem Circumcision (Summary) - Writings from the Rabbis beth-tzedec.org
95,myjewishlearning.com/article/the-mohel/,https://www.myjewishlearning.com/article/the-mohel/,myjewishlearning.com/article/the-mohel/
96,RA Voices Aversion Toward a Controversial Circumcision-Related ...,https://www.rabbinicalassembly.org/story/ra-voices-aversion-toward-controversial-circumcision-related-practice,RA Voices Aversion Toward a Controversial Circumcision-Related ... rabbinicalassembly.org
97,Simhat Bat/Brit Milah - The Rabbinical Assembly,https://www.rabbinicalassembly.org/jewish-law/lifecycle/simhat-batbrit-milah,Simhat Bat/Brit Milah - The Rabbinical Assembly rabbinicalassembly.org
98,Conservative movement to certify mohels through Brit Kodesh program,https://ejewishphilanthropy.com/conservative-movement-to-certify-mohels-through-brit-kodesh-program/,Conservative movement to certify mohels through Brit Kodesh program ejewishphilanthropy.com
99,Male Circumcision | Pediatrics - AAP Publications,https://publications.aap.org/pediatrics/article/130/3/e756/30225/Male-Circumcision,Male Circumcision | Pediatrics - AAP Publications publications.aap.org
100,Circumcision | Pediatrics In Review - AAP Publications,https://publications.aap.org/pediatricsinreview/article/43/12/728/189948/Circumcision,Circumcision | Pediatrics In Review - AAP Publications publications.aap.org
101,Voluntary medical male circumcision for HIV prevention,https://www.who.int/teams/global-hiv-hepatitis-and-stis-programmes/hiv/prevention/voluntary-medical-male-circumcision,Voluntary medical male circumcision for HIV prevention who.int
102,New data on male circumcision and HIV prevention,https://www.who.int/publications/i/item/9789241595988,New data on male circumcision and HIV prevention who.int
103,Review Pros and cons of circumcision: an evidence-based overview,https://www.sciencedirect.com/science/article/pii/S1198743X16302683,Review Pros and cons of circumcision: an evidence-based overview sciencedirect.com
104,Male circumcision and penile cancer: a systematic review and meta ...,https://pmc.ncbi.nlm.nih.gov/articles/PMC3139859/,Male circumcision and penile cancer: a systematic review and meta ... pmc.ncbi.nlm.nih.gov
105,Male circumcision and penile cancer: a systematic review ... - PubMed,https://pubmed.ncbi.nlm.nih.gov/21695385/,Male circumcision and penile cancer: a systematic review ... - PubMed pubmed.ncbi.nlm.nih.gov
106,Circumcision - StatPearls - NCBI Bookshelf,https://www.ncbi.nlm.nih.gov/books/NBK535436/,Circumcision - StatPearls - NCBI Bookshelf ncbi.nlm.nih.gov
107,Male Circumcision | Pediatrics - AAP Publications,https://publications.aap.org/pediatrics/article-abstract/130/3/e756/30225/Male-Circumcision?searchresult=1,Male Circumcision | Pediatrics - AAP Publications publications.aap.org
108,Circumcision policy statement - PubMed,https://pubmed.ncbi.nlm.nih.gov/22926180/,Circumcision policy statement - PubMed pubmed.ncbi.nlm.nih.gov
109,What are the risks of surgical adverse outcomes in newborn... - LWW,https://journals.lww.com/ebp/fulltext/2018/06000/what_are_the_risks_of_surgical_adverse_outcomes_in.17.aspx,What are the risks of surgical adverse outcomes in newborn... - LWW journals.lww.com
110,A comprehensive comparison of the early and late complications of ...,https://pmc.ncbi.nlm.nih.gov/articles/PMC9679242/,A comprehensive comparison of the early and late complications of ... pmc.ncbi.nlm.nih.gov
111,Complications Associated With Circumcision in a Community-Based ...,https://journals.stfm.org/primer/2025/dhaliwal-0118/,Complications Associated With Circumcision in a Community-Based ... journals.stfm.org
112,Systematic review of complications arising from male circumcision,https://bjui-journals.onlinelibrary.wiley.com/doi/10.1002/bco2.123,Systematic review of complications arising from male circumcision bjui-journals.onlinelibrary.wiley.com
113,Complications of Circumcision - PMC - NIH,https://pmc.ncbi.nlm.nih.gov/articles/PMC3253617/,Complications of Circumcision - PMC - NIH pmc.ncbi.nlm.nih.gov
114,Characterization of Newborn Circumcision Revision and ...,https://www.sciencedirect.com/science/article/abs/pii/S0090429525001803,Characterization of Newborn Circumcision Revision and ... sciencedirect.com
115,Neonatal Herpes Simplex Virus Infection Following Jewish ... - CDC,https://www.cdc.gov/mmwr/preview/mmwrhtml/mm6122a2.htm,Neonatal Herpes Simplex Virus Infection Following Jewish ... - CDC cdc.gov
116,Neonatal Herpes Simplex Virus Type 1 Infection and Jewish Ritual ...,https://pmc.ncbi.nlm.nih.gov/articles/PMC4608492/,Neonatal Herpes Simplex Virus Type 1 Infection and Jewish Ritual ... pmc.ncbi.nlm.nih.gov
117,City reports new case of herpes after metzitzah b'peh - POLITICO,https://www.politico.com/states/new-york/city-hall/story/2014/12/city-reports-new-case-of-herpes-after-metzitzah-bpeh-018430,City reports new case of herpes after metzitzah b'peh - POLITICO politico.com
118,Complications arising from ritual circumcision: pathogenesis and ...,https://www.cirp.org/library/complications/menahem1/,Complications arising from ritual circumcision: pathogenesis and ... cirp.org
119,wsj.com/articles/city-flags-jewish-circumcision-ritual-following-new-herpes-cases-11582479087,https://www.wsj.com/articles/city-flags-jewish-circumcision-ritual-following-new-herpes-cases-11582479087,wsj.com/articles/city-flags-jewish-circumcision-ritual-following-new-herpes-cases-11582479087
120,jpost.com/israel-news/article-890328,https://www.jpost.com/israel-news/article-890328,jpost.com/israel-news/article-890328
121,"Police raid homes of mohels in Antwerp, in investigation into possible illegal circumcisions",https://www.jta.org/2025/05/14/global/police-raid-homes-of-mohels-in-antwerp-in-investigation-into-possible-illegal-circumcisions,"Police raid homes of mohels in Antwerp, in investigation into possible illegal circumcisions jta.org"
122,Why Circumcise? - The importance of the bris - Chabad.org,https://www.chabad.org/library/article_cdo/aid/1452224/jewish/Why-Circumcise.htm,Why Circumcise? - The importance of the bris - Chabad.org chabad.org
123,The Child's Interests and the Case for the Permissibility of Male ...,https://pubmed.ncbi.nlm.nih.gov/23698892/,The Child's Interests and the Case for the Permissibility of Male ... pubmed.ncbi.nlm.nih.gov
124,"Non-therapeutic infant male circumcision: Evidence, ethics ... - NIH",https://pmc.ncbi.nlm.nih.gov/articles/PMC5039612/,"Non-therapeutic infant male circumcision: Evidence, ethics ... - NIH pmc.ncbi.nlm.nih.gov"
125,Nontherapeutic Circumcision of Minors as an Ethically Problematic ...,https://journalofethics.ama-assn.org/article/nontherapeutic-circumcision-minors-ethically-problematic-form-iatrogenic-injury/2017-08,Nontherapeutic Circumcision of Minors as an Ethically Problematic ... journalofethics.ama-assn.org
126,Circumcision Policy Statement | American Academy of Pediatrics,https://publications.aap.org/pediatrics/article/130/3/585/30235/Circumcision-Policy-Statement,Circumcision Policy Statement | American Academy of Pediatrics publications.aap.org
127,Child Rights and Religious Freedoms Collide in the Infant Male ...,https://eachother.org.uk/child-rights-religious-freedoms-collide-infant-male-circumcision-debate/,Child Rights and Religious Freedoms Collide in the Infant Male ... eachother.org.uk
128,The Debate on Circumcision: Parental Rights vs. Child's Consent,https://www.omegapediatrics.com/circumcision-parental-rights/,The Debate on Circumcision: Parental Rights vs. Child's Consent omegapediatrics.com
129,The Right of the Child against Compulsory Religious Belonging,https://petrieflom.law.harvard.edu/2018/03/12/the-right-of-the-child-against-compulsory-religious-belonging/,The Right of the Child against Compulsory Religious Belonging petrieflom.law.harvard.edu
130,5 Compelling Arguments Against Circumcision - Intact America,https://intactamerica.org/arguments-against-circumcision/,5 Compelling Arguments Against Circumcision - Intact America intactamerica.org
131,Intactivism 101: An Anti-Circumcision Guide for Foreskin Activism,https://intactamerica.org/intactivism-anti-circumcision/,Intactivism 101: An Anti-Circumcision Guide for Foreskin Activism intactamerica.org
132,[PDF] The Male Anti-Circumcision Movement,https://scholarlycommons.law.case.edu/cgi/viewcontent.cgi?article=1244&context=swb,[PDF] The Male Anti-Circumcision Movement scholarlycommons.law.case.edu
133,Foreskin reclaimers: the 'intactivists' fighting infant male circumcision,https://www.theguardian.com/society/2019/jul/21/foreskin-reclaimers-the-intactivists-fighting-infant-male-circumcision,Foreskin reclaimers: the 'intactivists' fighting infant male circumcision theguardian.com
134,Inside The Anti-Circumcision Movement | California Adult ... - Dr. Bidair,https://socalcircumcision.com/inside-the-anti-circumcision-movement/,Inside The Anti-Circumcision Movement | California Adult ... - Dr. Bidair socalcircumcision.com
135,New York City's Compromise on Dangerous Circumcision Practice ...,https://www.thehastingscenter.org/new-york-citys-compromise-on-dangerous-circumcision-practice-leaves-infants-at-risk/,New York City's Compromise on Dangerous Circumcision Practice ... thehastingscenter.org
136,"Rethinking Jewish Circumcision: Brit Shalom as a Peaceful, Intact ...",https://intactamerica.org/rethinking-jewish-circumcision-brit-shalom-as-a-peaceful-intact-alternative/,"Rethinking Jewish Circumcision: Brit Shalom as a Peaceful, Intact ... intactamerica.org"
137,The Jewish Opposition to Circumcision - The Forward,https://forward.com/life/138764/the-jewish-opposition-to-circumcision/,The Jewish Opposition to Circumcision - The Forward forward.com
138,Challenging the Circumcision Myth | The Jerusalem Post,https://www.jpost.com/jerusalem-report/jewish-world/challenging-the-circumcision-myth-215800,Challenging the Circumcision Myth | The Jerusalem Post jpost.com
139,Proposal to Ban Circumcision (Brit Milah) On San Francisco Ballot,https://advocacy.ou.org/proposal-to-ban-circumcision-brit-milah-on-san-francisco-ballot/,Proposal to Ban Circumcision (Brit Milah) On San Francisco Ballot advocacy.ou.org
140,Brit Milah under fire in Europe - Jewish Herald-Voice,https://jhvonline.com/brit-milah-under-fire-in-europe-p14105-153.htm,Brit Milah under fire in Europe - Jewish Herald-Voice jhvonline.com
141,"Circumcision Is Unethical and Unlawful | Journal of Law, Medicine ...",https://www.cambridge.org/core/journals/journal-of-law-medicine-and-ethics/article/circumcision-is-unethical-and-unlawful/280C3C539BEB04143CD76DC990962A31,"Circumcision Is Unethical and Unlawful | Journal of Law, Medicine ... cambridge.org"
142,"Ugly, messy and nasty debate surrounds circumcision - PMC - NIH",https://pmc.ncbi.nlm.nih.gov/articles/PMC3255195/,"Ugly, messy and nasty debate surrounds circumcision - PMC - NIH pmc.ncbi.nlm.nih.gov"
143,Banning Circumcision Is An Unnecessary Bar To Jewish Belonging ...,https://www.ajc.org/news/banning-circumcision-is-an-unnecessary-bar-to-jewish-belonging-in-europe,Banning Circumcision Is An Unnecessary Bar To Jewish Belonging ... ajc.org
144,European Jewish Association Campaign to Defend Brit Milah. - EJA,https://ejassociation.eu/eja/european-jewish-association-campaign-to-defend-brit-milah/,European Jewish Association Campaign to Defend Brit Milah. - EJA ejassociation.eu
145,rabbis.org/bris-milah-and-metzitza-bepeh-rca-policy/,https://rabbis.org/bris-milah-and-metzitza-bepeh-rca-policy/,rabbis.org/bris-milah-and-metzitza-bepeh-rca-policy/
146,Metzitzah B'peh Controversy: Rabbinic Polemics and Applying the ...,https://jewishaction.com/jewish-world/metzitzah_bpeh_rabbinic_polemics/,Metzitzah B'peh Controversy: Rabbinic Polemics and Applying the ... jewishaction.com
147,Statement Regarding NYC Board of Health Vote Rescinding ...,https://agudah.org/statement-regarding-nyc-board-of-health-vote-rescinding-regulation-of-metzitzah-bpeh,Statement Regarding NYC Board of Health Vote Rescinding ... agudah.org
148,NYC Metzitzah B'Peh Decision - Agudath Israel of America,https://agudah.org/nyc-metzitzah-bpeh-decision,NYC Metzitzah B'Peh Decision - Agudath Israel of America agudah.org
149,"Fearing circumcision crackdown, Jewish leaders launch EU ...",https://www.timesofisrael.com/liveblog_entry/fearing-circumcision-crackdown-jewish-leaders-launch-eu-campaign-defending-ritual/,"Fearing circumcision crackdown, Jewish leaders launch EU ... timesofisrael.com"
150,Israel Chief Rabbinate Backs Controversial Circumcision RIte as ...,https://forward.com/fast-forward/175356/israel-chief-rabbinate-backs-controversial-circumc/,Israel Chief Rabbinate Backs Controversial Circumcision RIte as ... forward.com
151,CDC's Male Circumcision Recommendations Represent a Key ... - NIH,https://pmc.ncbi.nlm.nih.gov/articles/PMC5478224/,CDC's Male Circumcision Recommendations Represent a Key ... - NIH pmc.ncbi.nlm.nih.gov
152,CDC Releases First Guidelines on Circumcision,https://www.jwatch.org/fw109590/2014/12/03/cdc-releases-first-guidelines-circumcision,CDC Releases First Guidelines on Circumcision jwatch.org
153,CDC's Male Circumcision Recommendations Represent a Key ...,https://www.ghspjournal.org/content/5/1/15,CDC's Male Circumcision Recommendations Represent a Key ... ghspjournal.org
154,German court rules circumcision is 'bodily harm' - BBC News,https://www.bbc.com/news/world-europe-18604664,German court rules circumcision is 'bodily harm' - BBC News bbc.com
155,"Three months after circumcision ban, German government to ...",https://www.timesofisrael.com/three-months-after-local-court-banned-circumcisions-german-government-to-legalize-rite/,"Three months after circumcision ban, German government to ... timesofisrael.com"
156,Iceland law to outlaw male circumcision sparks row over religious ...,https://www.theguardian.com/society/2018/feb/18/iceland-ban-male-circumcision-first-european-country,Iceland law to outlaw male circumcision sparks row over religious ... theguardian.com
157,"Circumcision Ban in Denmark Fails for Now, but the Battle Will Go On",https://www.chabad.org/news/article_cdo/aid/4114963/jewish/Circumcision-Ban-in-Denmark-Fails-for-Now-but-the-Battle-Will-Go-On.htm,"Circumcision Ban in Denmark Fails for Now, but the Battle Will Go On chabad.org"
158,Countries that Regulate Circumcision | ARC Law,https://www.arclaw.org/countries-that-regulate-circumcision,Countries that Regulate Circumcision | ARC Law arclaw.org
159,"Raids targeting brit milah in Belgium should prompt reflection, not ...",https://blogs.timesofisrael.com/raids-targeting-brit-milah-in-belgium-should-prompt-reflection-not-just-outrage/,"Raids targeting brit milah in Belgium should prompt reflection, not ... blogs.timesofisrael.com"
160,[PDF] CUTTING AWAY RELIGIOUS FREEDOM: THE GLOBAL AND ...,https://sites.camden.rutgers.edu/wp-content/uploads/sites/4/2017/03/Cutting-Away-Greenfield.pdf,[PDF] CUTTING AWAY RELIGIOUS FREEDOM: THE GLOBAL AND ... sites.camden.rutgers.edu
161,The Circumcision Crisis: Challenges for European and World Jewry,https://archive.jpr.org.uk/object-327,The Circumcision Crisis: Challenges for European and World Jewry archive.jpr.org.uk
162,Germany's Jews and the Controversy over Circumcision,https://carnegieendowment.org/europe/strategic-europe/2012/09/germanys-jews-and-the-controversy-over-circumcision?lang=en,Germany's Jews and the Controversy over Circumcision carnegieendowment.org
163,Circumcision (Brit Milah) and How to Choose a Moyel,https://me.health.gov.il/en/parenting/raising-children/after-childbirth/initial-care-for-newborn-after-birth/circumcision/,Circumcision (Brit Milah) and How to Choose a Moyel me.health.gov.il
164,Non-Orthodox converts to Judaism eligible for free circumcision ...,https://www.timesofisrael.com/non-orthodox-converts-to-judaism-eligible-for-free-circumcision-high-court-rules/,Non-Orthodox converts to Judaism eligible for free circumcision ... timesofisrael.com
165,Circumcision Legality and Consent Laws - LegalMatch,https://www.legalmatch.com/law-library/article/circumcision-legalityconsent.html,Circumcision Legality and Consent Laws - LegalMatch legalmatch.com
166,Infection Risk Prompts New York City To Regulate Ritual Circumcision,https://www.npr.org/sections/health-shots/2012/09/13/161090206/infection-risk-prompts-new-york-city-to-regulate-ritual-circumcision,Infection Risk Prompts New York City To Regulate Ritual Circumcision npr.org
167,NYC Board of Health repeals regulations on circumcision rite,https://www.timesofisrael.com/nyc-board-of-health-repeals-regulations-on-circumcision-rite/,NYC Board of Health repeals regulations on circumcision rite timesofisrael.com
168,NYC to automatically ban mohels linked to newborn herpes cases,https://www.timesofisrael.com/nyc-to-automatically-ban-mohels-linked-to-newborn-herpes-cases/,NYC to automatically ban mohels linked to newborn herpes cases timesofisrael.com
169,Germany passes law to protect circumcision after outcry | Reuters,https://www.reuters.com/article/world/germany-passes-law-to-protect-circumcision-after-outcry-idUSBRE8BB1AS/,Germany passes law to protect circumcision after outcry | Reuters reuters.com
170,Circumcision to remain legal in Germany - NBC News,https://www.nbcnews.com/news/world/circumcision-remain-legal-germany-flna1c7584324,Circumcision to remain legal in Germany - NBC News nbcnews.com
171,[PDF] guidelines for the practice of Brit Milah: - Jewish medical association,https://jewishmedicalassociationuk.org/wp-content/uploads/2023/07/guidelines821.pdf,[PDF] guidelines for the practice of Brit Milah: - Jewish medical association jewishmedicalassociationuk.org
172,Circumcision - Jewish medical association,https://jewishmedicalassociationuk.org/uk-jewish-medical-issues/circumcision/,Circumcision - Jewish medical association jewishmedicalassociationuk.org
173,Refusals to perform ritual circumcision: a qualitative study of doctors ...,https://pmc.ncbi.nlm.nih.gov/articles/PMC6954583/,Refusals to perform ritual circumcision: a qualitative study of doctors ... pmc.ncbi.nlm.nih.gov
174,The Great Mitzvah of Brit Milah: A Cornerstone of Jewish Identity,https://www.kabbalahempowerment.com/mitzvah-brit-milah-laws-kabbalah/,The Great Mitzvah of Brit Milah: A Cornerstone of Jewish Identity kabbalahempowerment.com
175,Jewish 'intactivists' stop circumcising - NBC News,https://www.nbcnews.com/id/wbna21113459,Jewish 'intactivists' stop circumcising - NBC News nbcnews.com
176,Should I Circumcise My Son? - Aish.com,https://aish.com/circum-decision/,Should I Circumcise My Son? - Aish.com aish.com
177,[PDF] Circumcision Crisis: Challenges for European and World Jewry,https://jppi.org.il/uploads/The_Circumcision_Crisis-Challenges_for_European_and_World_Jewry.pdf,[PDF] Circumcision Crisis: Challenges for European and World Jewry jppi.org.il
178,Scandinavia Wants To Ban Circumcision And Kosher Slaughter,https://forward.com/news/395213/why-does-scandinavia-want-to-ban-circumcision-and-kosher-slaughter/,Scandinavia Wants To Ban Circumcision And Kosher Slaughter forward.com
179,"Jews in Europe face new restrictions on religious freedom, says rabbi",https://www.euronews.com/2020/10/01/jews-in-europe-face-new-restrictions-on-religious-freedom-says-rabbi,"Jews in Europe face new restrictions on religious freedom, says rabbi euronews.com"
180,'Circumcision is a core value for the UK's Jewish community,https://www.communitycare.co.uk/2025/07/23/circumcision-is-a-core-value-for-the-uks-jewish-community-and-a-safe-procedure-for-babies/,'Circumcision is a core value for the UK's Jewish community communitycare.co.uk
181,Berit Milla (Circumcision) - The Samaritans,https://www.the-samaritans.net/berit-milla-circumcision/,Berit Milla (Circumcision) - The Samaritans the-samaritans.net
182,Samaritans - Biblical Cyclopedia,https://www.biblicalcyclopedia.com/S/samaritans.html,Samaritans - Biblical Cyclopedia biblicalcyclopedia.com
183,degruyterbrill.com/document/doi/10.1515/9781618110398-004/html,https://www.degruyterbrill.com/document/doi/10.1515/9781618110398-004/html,degruyterbrill.com/document/doi/10.1515/9781618110398-004/html
184,Encountering Samaritans - The Jewish Standard,https://jewishstandard.timesofisrael.com/encountering-samaritans/,Encountering Samaritans - The Jewish Standard jewishstandard.timesofisrael.com
185,What was the meaning and importance of the Jerusalem Council ...,https://www.gotquestions.org/Jerusalem-Council.html,What was the meaning and importance of the Jerusalem Council ... gotquestions.org
186,"Acts of the Apostles, CHAPTER 15 | USCCB - Daily Readings",https://bible.usccb.org/bible/acts/15,"Acts of the Apostles, CHAPTER 15 | USCCB - Daily Readings bible.usccb.org"
187,biblegateway.com/passage/?search=Acts%2015&version=NIV,https://www.biblegateway.com/passage/?search=Acts%2015&version=NIV,biblegateway.com/passage/?search=Acts%2015&version=NIV
188,biblegateway.com/passage/?search=Galatians%205&version=NIV,https://www.biblegateway.com/passage/?search=Galatians%205&version=NIV,biblegateway.com/passage/?search=Galatians%205&version=NIV
189,biblegateway.com/passage/?search=Romans%202&version=NIV,https://www.biblegateway.com/passage/?search=Romans%202&version=NIV,biblegateway.com/passage/?search=Romans%202&version=NIV
190,Tertullian: Part I: Of Circumcision and the Supercession of the Old Law.,https://st-takla.org/books/en/ecf/003/0030184.html,Tertullian: Part I: Of Circumcision and the Supercession of the Old Law. st-takla.org
191,CHURCH FATHERS: Homily 5 on Galatians (Chrysostom),https://www.newadvent.org/fathers/23105.htm,CHURCH FATHERS: Homily 5 on Galatians (Chrysostom) newadvent.org
192,Baptism as Circumcision of the Heart - Aphraates,https://www.crossroadsinitiative.com/media/articles/baptismascircumcisionoftheheart/,Baptism as Circumcision of the Heart - Aphraates crossroadsinitiative.com
193,How Was Circumcision a Sign of the Covenant? - Ligonier Ministries,https://learn.ligonier.org/articles/how-was-circumcision-a-sign-of-the-covenant,How Was Circumcision a Sign of the Covenant? - Ligonier Ministries learn.ligonier.org
194,Persecuting Circumcision - TheTorah.com,https://www.thetorah.com/article/persecuting-circumcision,Persecuting Circumcision - TheTorah.com thetorah.com
195,(PDF) Christianity against circumcision - ResearchGate,https://www.researchgate.net/publication/347840585_Christianity_against_circumcision,(PDF) Christianity against circumcision - ResearchGate researchgate.net
