claim_id,cite,overlap_at_n,best_k,overlap_at_best
C001,1,0,7,1
C002,2,0,1,1
C002,3,1,0,1
C003,4,3,0,3
C004,5,0,2,1
C005,6,0,-2,1
C006,7,2,0,2
C006,4,0,3,2
C007,8,1,0,1
C007,9,0,-1,1
C008,8,0,6,1
C008,9,0,5,1
C009,8,0,6,1
C009,9,0,5,1
C010,8,0,6,1
C011,8,0,6,1
C012,9,0,0,0
C013,9,0,0,0
C013,10,0,0,0
C014,9,0,-4,1
C014,10,1,0,1
C015,9,0,0,0
C016,9,0,-1,1
C016,10,0,-2,1
C017,9,0,-1,1
C018,9,0,5,1
C019,10,0,0,0
C020,11,0,-3,1
C021,11,0,0,0
C022,12,0,-4,1
C023,11,0,11,1
C024,11,0,11,1
C025,13,0,-6,1
C026,12,0,0,0
C027,12,1,0,1
C028,11,1,0,1
C029,12,0,12,1
C030,3,0,5,1
C031,3,0,11,1
C031,14,1,0,1
C032,3,0,0,0
C033,15,0,-10,1
C034,16,0,11,2
C035,17,0,-6,1
C035,2,0,9,1
C036,15,0,-11,1
C036,2,0,2,1
C037,3,0,5,1
C038,18,1,0,1
C039,3,0,0,0
C039,16,0,0,0
C040,2,0,3,1
C041,19,0,1,1
C041,20,1,0,1
C042,21,0,1,1
C043,3,0,0,0
C044,16,0,0,0
C045,2,0,5,1
C046,3,0,0,0
C047,22,0,0,0
C048,23,0,-1,1
C049,24,0,-6,1
C050,10,0,0,0
C051,23,0,0,0
C052,25,0,0,0
C054,26,0,-7,1
C055,27,0,0,0
C056,17,0,0,0
C057,11,0,-3,1
C058,28,0,3,1
C058,29,0,2,1
C059,28,0,-8,1
C060,30,0,0,0
C061,31,0,4,1
C062,32,0,0,0
C063,24,0,0,0
C064,33,0,0,0
C065,34,0,0,0
C066,35,1,0,1
C067,35,0,0,0
C068,11,0,7,1
C068,35,0,-12,1
C069,36,0,-8,1
C070,35,0,-2,1
C071,35,0,0,0
C072,36,2,0,2
C073,11,0,-6,1
C074,11,0,-6,1
C074,35,0,0,0
C075,36,0,-10,1
C076,35,0,0,0
C077,35,0,0,0
C078,37,2,0,2
C079,11,0,-4,1
C080,12,0,0,0
C081,38,1,2,2
C082,12,0,-8,1
C083,11,0,-6,3
C084,39,0,9,1
C085,40,1,0,1
C086,38,0,-12,1
C087,41,3,0,3
C087,42,2,-1,3
C088,43,0,2,1
C089,44,0,1,1
C090,45,0,3,1
C091,46,0,0,0
C092,45,1,0,1
C093,44,0,0,0
C094,47,0,-2,1
C095,48,0,0,0
C096,45,0,0,0
C099,49,0,0,0
C099,50,0,0,0
C103,51,1,0,1
C103,52,1,0,1
C103,50,0,1,1
C105,50,0,-3,1
C108,53,1,0,1
C111,54,0,0,0
C111,50,0,0,0
C113,55,0,-11,1
C114,11,0,0,0
C115,12,0,-7,2
C116,56,0,-11,1
C117,57,1,0,1
C117,58,0,-1,1
C118,8,0,0,0
C118,17,0,0,0
C119,11,0,-2,1
C120,49,0,-8,1
C121,59,0,-11,1
C122,12,0,-8,1
C123,59,0,-11,1
C124,60,0,0,0
C125,59,0,2,1
C126,12,0,-8,2
C127,12,0,-8,1
C130,59,0,0,0
C130,61,0,0,0
C131,60,0,-2,1
C132,12,0,-8,1
C133,12,0,-8,2
C134,59,0,-11,1
C135,12,0,-8,1
C136,12,0,-7,3
C138,62,0,-1,1
C140,62,0,0,0
C143,62,1,0,1
C145,63,1,0,1
C149,60,0,4,2
C149,64,2,0,2
C153,12,0,-8,1
C153,65,0,-1,1
C153,66,1,0,1
C156,67,2,0,2
C156,64,1,3,2
C156,65,1,2,2
C159,65,0,-1,2
C159,68,0,-4,2
C159,12,0,-8,1
C160,69,0,3,2
C161,70,0,-5,1
C162,71,0,10,1
C163,71,0,1,1
C164,69,0,0,0
C165,70,0,0,0
C166,72,0,0,0
C171,71,0,1,2
C172,69,0,-1,1
C173,70,0,0,0
C174,72,1,0,1
C175,71,0,1,1
C176,69,0,3,1
C177,70,0,-9,1
C178,72,1,10,2
C179,73,0,-11,1
C180,74,0,0,0
C181,11,0,0,0
C182,75,1,0,1
C183,74,0,11,1
C184,73,0,9,2
C185,73,2,0,2
C186,75,0,-11,1
C187,11,0,0,0
C188,73,0,-1,2
C189,76,1,0,1
C190,11,0,0,0
C192,77,0,-10,2
C193,77,1,8,3
C195,77,1,8,2
C196,77,0,8,2
C198,77,1,8,2
C199,77,0,-5,1
C200,77,0,0,0
C201,77,0,-12,1
C202,77,0,-5,2
C203,78,0,7,2
C203,79,0,6,2
C204,78,0,3,1
C205,78,0,-11,2
C206,78,0,-11,2
C206,79,0,-12,2
C207,78,0,4,1
C208,78,0,3,1
C209,79,0,6,1
C210,79,1,3,2
C210,78,0,4,2
C211,80,1,5,3
C212,81,0,0,0
C215,82,1,0,1
C216,83,0,-2,2
C217,83,0,-2,2
C218,84,1,0,1
C219,85,1,0,1
C219,86,0,-5,1
C220,87,0,-6,2
C221,88,0,-6,2
C221,89,0,-7,2
C222,81,1,0,1
C223,90,0,-5,1
C224,79,1,3,2
C225,91,0,-12,1
C226,92,0,-7,3
C228,93,0,-8,2
C228,78,0,7,2
C229,94,0,-10,2
C230,95,0,-10,3
C231,96,1,-12,2
C232,70,0,-12,1
C233,97,0,-12,1
C234,98,0,6,3
C235,98,0,0,0
C236,98,0,0,0
C237,98,0,0,0
C238,98,0,2,1
C239,98,1,0,1
C240,98,0,0,0
C244,98,0,0,0
C245,98,0,0,0
C246,98,0,-9,1
C247,98,1,0,1
C248,98,0,0,0
C249,98,0,-11,1
C250,98,0,0,0
C252,99,0,-10,1
C254,98,0,-11,1
C255,12,1,0,1
C256,45,1,0,1
C257,98,0,-12,1
C259,100,0,-7,1
C260,45,1,0,1
C261,98,0,-11,1
C262,45,0,0,0
C263,45,0,0,0
C264,45,0,0,0
C264,101,0,0,0
C265,101,0,8,1
C266,45,0,0,0
C266,101,0,0,0
C267,45,0,-7,1
C268,45,0,0,0
C269,45,0,0,0
C270,45,0,0,0
C271,45,0,0,0
C272,45,0,0,0
C272,101,0,0,0
C273,45,0,0,0
C274,5,0,0,0
C275,98,0,-5,2
C276,98,0,-10,1
C278,45,1,0,1
C279,98,0,1,1
C281,45,0,0,0
C282,98,0,-10,1
C283,98,0,0,0
C284,102,0,-12,1
C285,5,0,0,0
C287,59,0,0,0
C287,74,0,11,1
C288,59,0,2,1
C290,103,0,0,0
C290,104,0,0,0
C291,74,1,-7,2
C293,59,0,4,1
C294,70,0,-3,2
C295,103,0,-5,1
C296,59,0,2,1
C297,103,0,-4,1
C298,59,0,2,1
C299,105,0,-11,1
C300,59,0,-11,1
C301,45,2,0,2
C302,45,1,0,1
C303,45,1,0,1
C305,45,0,0,0
C305,101,0,8,1
C306,45,0,0,0
C307,45,0,0,0
C307,101,0,8,1
C309,45,0,0,0
C310,45,0,3,1
C311,45,0,-7,1
C311,101,0,0,0
C312,45,0,0,0
C313,101,0,-11,1
C314,45,1,0,1
C314,101,1,3,2
C316,106,0,-8,4
C316,107,0,-9,4
C319,108,0,-11,1
C319,109,0,-12,1
C322,107,0,-9,1
C324,110,0,-2,2
C329,49,0,0,0
C334,111,0,-7,1
C335,112,0,-9,1
C336,111,0,-3,1
C337,3,1,0,1
C338,113,0,0,0
C339,114,0,-11,1
C340,111,0,-2,2
C340,112,0,-3,2
C341,115,0,-11,1
C342,116,0,0,0
C343,114,0,-10,1
C344,12,0,-8,2
C345,79,0,-5,1
C346,12,0,-8,1
C348,117,0,-9,4
C349,79,2,0,2
C350,12,0,0,0
C351,118,0,-9,2
C352,119,0,-10,1
C353,120,0,-12,1
C354,12,0,0,0
C355,121,0,-12,1
C356,122,0,-10,1
C357,123,0,-10,1
C358,124,0,-10,1
C359,125,0,-9,1
C360,126,0,-10,1
C361,127,0,5,1
C362,128,0,0,0
C364,129,0,-9,1
C364,38,0,-4,1
C366,130,1,-9,2
C366,131,0,-10,2
C368,132,0,-3,1
C368,133,0,-4,1
C368,134,1,0,1
C370,3,0,5,1
C370,135,0,-7,2
C371,3,0,0,0
C371,18,0,2,1
C372,136,0,-12,1
C373,19,1,0,1
C374,137,0,-12,2
C376,12,0,-8,1
C377,138,0,-9,1
C378,138,0,0,0
C378,139,0,0,0
C379,140,0,-4,1
C380,141,0,0,0
C381,142,0,-3,1
C383,143,1,-9,2
C383,144,0,-10,2
C384,145,0,-11,1
C386,78,0,6,1
C386,146,0,-9,2
C387,147,0,-9,1
C387,148,0,-10,1
C389,45,0,-11,1
C389,101,1,0,1
C390,149,1,3,2
C390,150,0,2,2
C391,151,1,-5,3
C392,152,0,-8,2
C393,153,0,-9,2
C394,12,0,-5,1
C395,154,0,-11,1
C396,79,4,0,4
C396,155,0,-9,2
C397,156,0,-9,1
C399,157,0,-7,3
C399,158,0,-8,3
C400,159,0,-9,3
C401,160,0,-9,2
C401,161,0,-10,2
