claim_id,section,cites,work_refs,quotes,text
C002,,2 3,,"""abominable heresies"" -> best 0.00 in pg3800.txt: ","At age 23, he was excommunicated by the Portuguese-Jewish community in Amsterdam on 27 July 1656 with an unusually severe cherem (ban), citing his ""abominable heresies"" and refusal to recant, which severed his ties to the synagogue and community."
C013,Early Life and Background > Family Origins and Marrano Heritage,9 10,,"""Portuguese Nation,"" -> best 0.62 in tp_elwes_gosset.txt: are of the same nation","The family belonged to the ""Portuguese Nation,"" a term for Sephardic Jews who had settled in Amsterdam after fleeing persecution, establishing businesses in trade and importing goods from Portugal, Spain, and the Mediterranean."
C039,Expulsion and Independent Development > Reasons for Excommunication from Jewish Community,3 16,,"""abominable heresies"" -> best 0.00 in pg3800.txt:  || ""monstrous deeds,"" -> best 0.59 in pg3800.txt: on another s deeds and","It accused him of holding and teaching ""abominable heresies"" and committing ""monstrous deeds,"" without specifying particulars, a vagueness typical of such communal edicts to emphasize severity while avoiding public scandal that could jeopardize the community's fragile tolerance in Calvinist Dutch society."
C091,Mature Career and Residences > The Hague Years and Political Engagement,46,,"""Ultimi barbarorum"" -> best 0.00 in pg3800.txt:  || ""the vilest barbarians"" -> best 0.52 in ttp_elwes.txt: the vilest hypocrites stirred as they","During the rampjaar of 1672, marked by French invasion and economic collapse, Spinoza expressed outrage at the August 20 lynching of de Witt and his brother Cornelis by an Orangist mob; he prepared a placard inscribed ""Ultimi barbarorum"" (""the vilest barbarians"") to affix near the murder site but was restrained by friends to avert personal danger."
C101,Mature Career and Residences > Correspondence with Contemporaries,,Letter 32 => Letter 32,,"In Letter 32 (dated November 1665), Spinoza argued that every part of nature necessarily agrees with the whole, as all things follow from God's nature by eternal necessity, rejecting mechanistic alternatives like those of Descartes."
C102,Mature Career and Residences > Correspondence with Contemporaries,,Letter 73 => Letter 73,,"Oldenburg subsequently shared details of Christiaan Huygens's experiments on the sublimation of nitre, which Spinoza incorporated into Letter 73 (June 1666), affirming God as an immanent rather than transient cause of natural phenomena."
C105,Mature Career and Residences > Correspondence with Contemporaries,50,Letter 69 => Letter 69,,"In Letter 69, Spinoza outlined how the infinite intellect comprehends God's attributes sub specie aeternitatis, influencing Leibniz's later formulations on substance and monads, though Leibniz ultimately rejected Spinoza's pantheism as deterministic excess."
C107,Mature Career and Residences > Correspondence with Contemporaries,,Letters 27–29 => Letters 27–29,,"Spinoza replied in Letters 27–29, insisting that evil arises from privation rather than positive entity and that human actions follow from God's absolute nature without teleology."
C108,Mature Career and Residences > Correspondence with Contemporaries,53,Letter 38 => Letter 38,,"By Letter 38 (March 1665), Spinoza curtailed the dialogue, citing irreconcilable premises rooted in scriptural literalism versus geometric reasoning."
C110,Mature Career and Residences > Correspondence with Contemporaries,,Letters 56–58 => Letters 56–58,,"Spinoza countered in Letters 56–58 that such reports stem from confused imagination and prejudice, not supernatural intervention, as adequate knowledge precludes credulity in phantoms; he urged reliance on clear ideas over anecdotal testimony."
C112,Mature Career and Residences > Correspondence with Contemporaries,,Letters 81–82 => Letters 81–82,,"Later letters with mathematicians like Ehrenfried Walther von Tschirnhaus (e.g., Letters 81–82, 1676) probed the Ethics' geometric method and proofs of God's existence, with Tschirnhaus pressing for demonstrations of thought's independence from extension, to which Spinoza responded that finite minds express infinite substance adequately only intuitively."
C121,Metaphysical Foundations > Substance Monism and the Concept of God or Nature,59,"Part I, Definition 3 => E1D3","""that which is in itself, and is conceived through itself: in other words, that of which a conception can be formed independently of any other conception."" -> best 1.00 in pg3800.txt: that which is in itself and is conceived through itself in other words that of which a conception can be formed independ","Spinoza defines substance in his Ethics (Part I, Definition 3) as ""that which is in itself, and is conceived through itself: in other words, that of which a conception can be formed independently of any other conception."""
C123,Metaphysical Foundations > Substance Monism and the Concept of God or Nature,59,"Ethics I, Definition 6 => E1D6","""absolutely infinite"" -> best 1.00 in pg3800.txt: absolutely infinite","Spinoza argues deductively that only one such substance can exist, as multiple substances sharing an attribute would limit each other, contradicting the infinitude inherent to substance by definition (Ethics I, Definition 6: substance is ""absolutely infinite"")."
C124,Metaphysical Foundations > Substance Monism and the Concept of God or Nature,60,Proposition 14 of Part I => E1P14,"""Except God, no substance can be granted or conceived,"" -> best 0.82 in curley_reader.txt: except for god no substance can be or be conceived q e","Proposition 14 of Part I asserts: ""Except God, no substance can be granted or conceived,"" since any posited second substance would either share an attribute (impossible without mutual limitation) or possess entirely distinct attributes (rendering mutual conception impossible)."
C126,Metaphysical Foundations > Substance Monism and the Concept of God or Nature,12,Definition 6 of Ethics Part I => E1D6,"""a being absolutely infinite—that is, a substance consisting in infinite attributes, each of which expresses eternal and infinite essentiality."" -> best 0.90 in pg3800.txt: i mean a being absolutely infinite that is a substance consisting in infinite attributes of which each expresses eternal","In Definition 6 of Ethics Part I, God is ""a being absolutely infinite—that is, a substance consisting in infinite attributes, each of which expresses eternal and infinite essentiality."""
C127,Metaphysical Foundations > Substance Monism and the Concept of God or Nature,12,"Ethics I, Appendix => E1App",,"Unlike traditional theistic conceptions of a transcendent, personal creator, Spinoza's God lacks will, intellect directed toward ends, or capacity for miracles, operating instead through necessity alone (Ethics I, Appendix)."
C133,Metaphysical Foundations > Substance Monism and the Concept of God or Nature,12,"Ethics I, Appendix => E1App","""nature has no end set before it, and ... all final causes are nothing but human fictions"" -> best 0.92 in curley_reader.txt: that nature has no end set before it and that all final causes are nothing but human fictions for","Spinoza's monism rejects final causes, insisting that ""nature has no end set before it, and ... all final causes are nothing but human fictions"" (Ethics I, Appendix), as the order of nature arises from the eternal necessity of substance's attributes rather than teleological design."
C134,Metaphysical Foundations > Substance Monism and the Concept of God or Nature,59,"Ethics I, Proposition 29 => E1P29",,"This framework implies determinism: every mode follows with mathematical certainty from God's nature, akin to theorems from axioms in geometry (Ethics I, Proposition 29)."
C137,"Metaphysical Foundations > Attributes, Modes, and Infinite Extension",,,"""that which the intellect perceives of substance, as constituting its essence."" -> best 1.00 in pg3800.txt: that which the intellect perceives of substance as constituting its essence","Spinoza defines an attribute as ""that which the intellect perceives of substance, as constituting its essence."""
C140,"Metaphysical Foundations > Attributes, Modes, and Infinite Extension",62,,"""the affections of a substance, or that which exists in another through which it is also conceived."" -> best 0.90 in curley_reader.txt: understand the affections of a substance or that which is in another through which it is also conceived d6 by","Modes, by contrast, are defined as ""the affections of a substance, or that which exists in another through which it is also conceived."""
C143,"Metaphysical Foundations > Attributes, Modes, and Infinite Extension",62,"Ethics I, p16 => E1P16",,"Spinoza demonstrates that infinitely many modes flow from any attribute, as the substance's productive necessity yields infinite effects (Ethics I, p16)."
C144,"Metaphysical Foundations > Attributes, Modes, and Infinite Extension",,"Ethics II, p2 => E2P2","""extension is an attribute of God, or God is an extended thing"" -> best 1.00 in pg3800.txt: extension is an attribute of god or god is an extended thing","Under the attribute of extension, Spinoza identifies extension itself as an infinite attribute of God, such that ""extension is an attribute of God, or God is an extended thing"" (Ethics II, p2)."
C155,Metaphysical Foundations > Critique of Cartesian Dualism,,Ethics 2p7 => E2P7,,"Spinoza resolves this via the doctrine of parallelism (Ethics 2p7), where mental events and physical events are not causally interactive but numerically identical modes under different attributes; the order and connection of ideas in the mind mirrors that of bodies in extension, determined by the necessity of the divine nature alone."
C158,Metaphysical Foundations > Critique of Cartesian Dualism,,Ethics 1d4 => E1D4; 1d5 => E1D5,,"While thought and extension are indeed conceived through themselves (Ethics 1d4, 1d5), this does not entail separate substances, as attributes can inhere in one underlying substance comprehensible only sub specie aeternitatis."
C160,Epistemology and Human Knowledge > Three Kinds of Knowledge,69,"Ethics Part II, Proposition 40, Scholium 2 => E2P40S2",,"In Ethics Part II, Proposition 40, Scholium 2, Spinoza classifies human cognition into three distinct kinds, ordered by increasing adequacy and certainty: the knowledge of imagination, the knowledge of reason, and intuitive knowledge."
C163,Epistemology and Human Knowledge > Three Kinds of Knowledge,71,,"""vague or random experience"" -> best 0.69 in curley_reader.txt: again i also lmow by random experience","The first kind of knowledge, derived from ""vague or random experience"" (vaga experientia) or from signs such as words and images, constitutes the realm of imagination and opinion."
C171,Epistemology and Human Knowledge > Three Kinds of Knowledge,71,,"""common notions"" -> best 1.00 in curley_reader.txt: common notions","The second kind of knowledge, or reason (ratio), involves adequate ideas formed from ""common notions"" (notiones communes)—universal properties shared by all things, such as extension or the principle of contradiction, known through the intellect's innate capacity."
C183,Epistemology and Human Knowledge > Geometric Method and Rational Demonstration,74,Proposition 7 in Part I => E1P7,"""it pertains to the nature of a substance to exist,"" -> best 1.00 in curley_reader.txt: it pertains to the nature of a substance to exist","For instance, Proposition 7 in Part I states that ""it pertains to the nature of a substance to exist,"" proved by showing that existence belongs to its essence as defined, independent of external causes."
C191,Epistemology and Human Knowledge > Limitations of Imagination and Sensory Experience,,,"""opinion or imagination."" -> best 1.00 in pg3800.txt: opinion or imagination","Spinoza identifies the first kind of knowledge as arising from sensory experience and imagination, which he terms ""opinion or imagination."""
C193,Epistemology and Human Knowledge > Limitations of Imagination and Sensory Experience,77,"Ethics Part II, Proposition 17 => E2P17","""If the human body is affected in a manner which involves the nature of any external body, the human mind will regard the said external body as actually existing."" -> best 1.00 in pg3800.txt: if the human body is affected in a manner which involves the nature of any external body the human mind will regard the ","Such ideas are inherently partial, reflecting the body's current disposition rather than the full causal order of nature, as explicated in Ethics Part II, Proposition 17: ""If the human body is affected in a manner which involves the nature of any external body, the human mind will regard the said external body as actually existing."""
C195,Epistemology and Human Knowledge > Limitations of Imagination and Sensory Experience,77,Ethics IIp25 => E2P25,"""the idea of each modification of the human body does not involve an adequate knowledge of the external body,"" -> best 1.00 in pg3800.txt: the idea of each modification of the human body does not involve an adequate knowledge of the external body","In Ethics IIp25, Spinoza demonstrates that ""the idea of each modification of the human body does not involve an adequate knowledge of the external body,"" because sensory perceptions capture only effects on the perceiver, mutilating the object's true nature by omitting infinite concurrent causes."
C196,Epistemology and Human Knowledge > Limitations of Imagination and Sensory Experience,77,IIp28 => E2P28,,"This partiality renders imaginative knowledge confused and obscure (IIp28), as the mind compounds ideas without discerning their necessary connections, leading to representations that vary with bodily states rather than fixed realities."
C198,Epistemology and Human Knowledge > Limitations of Imagination and Sensory Experience,77,Ethics IIp41 => E2P41; IIp35 => E2P35,"""knowledge of the first kind is the only cause of falsity,"" -> best 0.82 in pg3800.txt: second prop xli knowledge of the first kind is the only source of falsity","As stated in Ethics IIp41, ""knowledge of the first kind is the only cause of falsity,"" since inadequate ideas constitute a privation of knowledge, mistaking fragmentary experiences for complete truths (IIp35)."
C199,Epistemology and Human Knowledge > Limitations of Imagination and Sensory Experience,77,IIp17 => E2P17,,"For instance, sensory experience may present the sun as proximate—approximately 200 feet distant—despite rational knowledge of its actual remoteness; this imaginative distortion persists unless overridden by stronger contrary ideas, underscoring its passive and unreliable character (IIp17, note)."
C200,Epistemology and Human Knowledge > Limitations of Imagination and Sensory Experience,77,IIp18 => E2P18,,"Such errors extend to memory, where associations of past affections form haphazard links (IIp18), fostering superstitions or unfounded judgments detached from causal necessity."
C201,Epistemology and Human Knowledge > Limitations of Imagination and Sensory Experience,77,IIp3 => E2P3,,"These limitations impede adequate understanding and perpetuate bondage to passions, as imaginative ideas render the mind passive toward external influences (IIp3)."
C203,Ethics and Psychology > Conatus Principle and Human Striving,78 79,"Ethics Part III, Proposition 6 => E3P6","""each thing, as far as it can by its own power, strives to persevere in its being,"" -> best 1.00 in curley_reader.txt: each thing as far as it can by its own power strives to persevere in its being","In Ethics Part III, Proposition 6, Spinoza posits that ""each thing, as far as it can by its own power, strives to persevere in its being,"" identifying this conatus—Latin for ""striving"" or ""endeavor""—as the fundamental drive inherent to every finite entity as its actual essence (Proposition 7)."
C205,Ethics and Psychology > Conatus Principle and Human Striving,78,"Part III, Proposition 9 => E3P9",,"For human beings, as composite modes of extension and thought, conatus manifests as the effort to maintain and augment one's power of acting (potentia agendi), encompassing both body and mind (Part III, Proposition 9 and scholium)."
C206,Ethics and Psychology > Conatus Principle and Human Striving,78 79,"Part III, Definition  => E3D","""Desire can be defined as appetite together with consciousness of the appetite"" -> best 1.00 in curley_reader.txt: desire can be defined as appetite together with consciousness of the appetite","Appetite denotes conatus in relation to mind and body conjointly, while desire (cupiditas) emerges when this striving becomes conscious, defining human motivation at its core: ""Desire can be defined as appetite together with consciousness of the appetite"" (Part III, Definition of Affects I)."
C208,Ethics and Psychology > Conatus Principle and Human Striving,78,"Part III, Proposition 11 scholium => E3P11S",,"This human striving grounds Spinoza's analysis of affects, where transitions in conatus determine emotional states: joy signifies an increase in power (Part III, Proposition 11 scholium), sadness a decrease, and active emotions arise from adequate ideas enhancing perseverance (Proposition 59)."
C209,Ethics and Psychology > Conatus Principle and Human Striving,79,"Part IV, Proposition 37 => E4P37","""acting according to the laws of one's own nature"" -> best 0.87 in pg3800.txt: but to act according to the laws of one s own nature but","Ethically, unaided conatus yields bondage to passive affects from external causes, but rational understanding redirects striving toward self-determination, equating virtue with ""acting according to the laws of one's own nature"" (Part IV, Proposition 37)."
C210,Ethics and Psychology > Conatus Principle and Human Striving,79 78,"Part IV, Proposition 22 corollary => E4P22C","""striving to preserve oneself is the first and only foundation of virtue"" -> best 1.00 in curley_reader.txt: striving to preserve oneself is the first and only foundation of virtue","The ""striving to preserve oneself is the first and only foundation of virtue"" (Part IV, Proposition 22 corollary), as reason amplifies conatus by aligning it with eternal truths, fostering intellectual joy and freedom from fortune's sway."
C220,Ethics and Psychology > Analysis of Passions and Emotions,87,,""" as external causes drive vacillations in power, akin to "" -> best 0.38 in curley_reader.txt: are in our power and are subjected to no external causes similarly","Passions dominate human experience due to the prevalence of sensory and imaginative knowledge, subjecting individuals to ""bondage"" as external causes drive vacillations in power, akin to ""waves of the sea driven by contrary winds."""
C234,Political and Theological Philosophy > Biblical Hermeneutics and Prophecy,98,chapters 1 and 2 => chapters 1 and 2,,"Spinoza analyzed prophecy primarily in chapters 1 and 2 of his Tractatus Theologico-Politicus, defining it as certain knowledge of unseen things revealed by God through the imagination rather than reason."
C242,Political and Theological Philosophy > Biblical Hermeneutics and Prophecy,,,"""history of the language"" -> best 0.77 in curley_reader.txt: the history of the hebrew language is","By insisting on interpretation from the ""history of the language"" and the usage of words in their original context, he treated languages like Hebrew as natural, human creations subject to ambiguity and evolution, rather than divinely perfect or transparent mediums."
C244,Political and Theological Philosophy > Biblical Hermeneutics and Prophecy,98,chapter 7 => chapter 7,,"In chapter 7, Spinoza outlined a methodical approach to biblical hermeneutics, insisting that scripture be interpreted solely from its own terms, akin to constructing a natural history of the text."
C276,Major Works and Their Reception > Tractatus Theologico-Politicus (1670),98,,"""freedom of judgement is in itself most useful for piety and the peace of the State,"" -> best 0.45 in pg3800.txt: is for the use of anyone anywhere in the united states and most other parts of the world at","Spinoza's explicit aim was to demonstrate that ""freedom of judgement is in itself most useful for piety and the peace of the State,"" arguing against clerical interference in philosophical inquiry and state affairs."
C291,"Major Works and Their Reception > Ethics Demonstrated in Geometrical Order (1677, posthumous)",74,Proposition 7 in Part I => E1P7,"""the order and connection of ideas is the same as the order and connection of things,"" -> best 1.00 in pg3800.txt: the order and connection of ideas is the same as the order and connection of things","Propositions build sequentially; for instance, Proposition 7 in Part I states that ""the order and connection of ideas is the same as the order and connection of things,"" establishing mind-body parallelism."
C294,"Major Works and Their Reception > Ethics Demonstrated in Geometrical Order (1677, posthumous)",70,,"""On the Nature and Origin of the Mind,"" -> best 1.00 in pg3800.txt: on the nature and origin of the mind","Part II, ""On the Nature and Origin of the Mind,"" argues the human mind is the idea of the body, with knowledge progressing from imagination (inadequate), reason (adequate), to intuitive science of essences."
C295,"Major Works and Their Reception > Ethics Demonstrated in Geometrical Order (1677, posthumous)",103,,"""On the Origin and Nature of the Affects,"" -> best 0.85 in curley_reader.txt: ill of the origin and nature of the affects 152 rv","Part III, ""On the Origin and Nature of the Affects,"" defines affects as transitions in the power of acting rooted in conatus—the striving to persevere in being—classifying emotions like desire, joy, and sadness as modifications of this effort."
C296,"Major Works and Their Reception > Ethics Demonstrated in Geometrical Order (1677, posthumous)",59,,"""Of Human Bondage, or the Strength of the Affects,"" -> best 0.80 in curley_reader.txt: rv of human bondage or the powers of the affects v of","Part IV, ""Of Human Bondage, or the Strength of the Affects,"" examines how passive affects enslave individuals to external causes, defining virtue as acting from one's nature alone and good/evil as what increases or diminishes power of acting, respectively."
C297,"Major Works and Their Reception > Ethics Demonstrated in Geometrical Order (1677, posthumous)",103,,"""On the Power of the Intellect, or Human Freedom,"" -> best 0.89 in curley_reader.txt: 197 v of the power of the intellect or on human freedom","Part V, ""On the Power of the Intellect, or Human Freedom,"" culminates in the intellect's supremacy over passions via adequate ideas, leading to the amor Dei intellectualis (intellectual love of God), eternal persistence of the mind's essence, and supreme beatitude as self-caused joy."
C305,"Major Works and Their Reception > Tractatus Politicus (unfinished, posthumous)",45 101,Chapters 1–4 => Chapters 1–4,,"Chapters 1–4 establish the metaphysical basis, asserting that human actions stem from the conatus—the innate drive to persevere in existence—and that natural right is coextensive with power or capability, meaning individuals possess the right to do whatever they have the power to accomplish in the state of nature."
C306,"Major Works and Their Reception > Tractatus Politicus (unfinished, posthumous)",45,Chapter 5 => Chapter 5,,"Chapter 5 delineates the state's primary ends: to enable citizens to live securely, avoid mutual harm, and pursue rational ends without fear, thereby augmenting collective power against external threats and internal discord."
C308,"Major Works and Their Reception > Tractatus Politicus (unfinished, posthumous)",,chapters 6–11 => chapters 6–11,,"In chapters 6–11, Spinoza evaluates monarchy, aristocracy, and democracy as practical regimes, prioritizing stability and the accommodation of human passions over idealized rationality."
C309,"Major Works and Their Reception > Tractatus Politicus (unfinished, posthumous)",45,TP 6.15–30 => TP 6.15–30,,"Monarchy, critiqued for risks of arbitrary rule, requires constitutional safeguards such as large advisory councils and laws against corruption to prevent sovereign overreach (TP 6.15–30)."
C310,"Major Works and Their Reception > Tractatus Politicus (unfinished, posthumous)",45,(TP 8–9) => TP 8–9,,"Aristocracy fares better in decentralized forms like the Dutch United Provinces, with broad councils to balance elite interests and ensure decisions reflect collective reason (TP 8–9)."
C311,"Major Works and Their Reception > Tractatus Politicus (unfinished, posthumous)",45 101,chapter 11 => chapter 11,,"Democracy, deemed the most natural and liberty-preserving form, aligns closest with equality in the state of nature but excludes those not sui iuris (independent), such as women and servants; Spinoza's discussion halts abruptly in chapter 11, likely due to his death on February 21, 1677."
C312,"Major Works and Their Reception > Tractatus Politicus (unfinished, posthumous)",45,TP 8.46 => TP 8.46,,"Throughout, Spinoza subordinates religion to politics, advocating a minimal ""civil faith"" or universal doctrines to foster obedience and social cohesion without dogmatic interference in governance (TP 8.46)."
C313,"Major Works and Their Reception > Tractatus Politicus (unfinished, posthumous)",101,TP 16:204 => TP 16:204,,"Freedom of thought persists under any stable regime, but political liberty consists in living securely under laws assented to by rational participation, distinguishing his view from Hobbesian absolutism by permitting resistance if it enhances communal power (TP 16:204)."
C333,Major Works and Their Reception > Shorter Works and Letters,,,"""open project"" -> best 0.67 in pg3800.txt: e 8 1 b project","Intended perhaps to be demonstrated more geometrico like the Ethics, it represents an ""open project"" of systematizing and loving description of the language of his origins, deferred in synthesis of Jewish, Christian, and Islamic monotheisms."
C334,Philosophical Controversies > Debate over Pantheism versus Atheism,111,,"""God or Nature"" -> best 1.00 in pg3800.txt: god or nature","Spinoza's philosophical system, particularly in the Ethics (1677), centers on the identification of God with Nature, encapsulated in the phrase Deus sive Natura (""God or Nature""), which posits that God is the infinite substance comprising all reality, with finite things as modes thereof."
C348,Philosophical Controversies > Determinism and Implications for Free Will and Morality,117,"Ethics Part II, Propositions 48 and 49 => E2P48; Ethics Part II, Propositions 48 and 49 => E2P49",,"In Ethics Part II, Propositions 48 and 49, he argues that the human mind is determined by causes of which it is often ignorant, leading to the false belief in self-determination; the will is merely an appetite of which one is conscious, not a free faculty distinct from understanding or desire."
C351,Philosophical Controversies > Determinism and Implications for Free Will and Morality,118,"Ethics Part III, Proposition 6 => E3P6",,"For morality, Spinoza grounds ethics in the conatus doctrine: every thing, as far as it is in itself, strives to persevere in its being (Ethics Part III, Proposition 6), with human essence defined by this rational appetite to increase one's power of acting."
C367,Legacy and Influence > Impact on Enlightenment Thinkers and Rationalism,,,"""famous book so little read"" -> best 0.00 in pg3800.txt: ","Spinoza's political philosophy, advocating separation of church and state alongside democratic governance grounded in natural right, informed the radical Enlightenment's push for toleration and individual liberty, influencing figures who prioritized reason as the sole arbiter of truth over revelation, though mainstream moderates like Voltaire distanced themselves, with Voltaire in 1772 dismissing the Ethics as a ""famous book so little read"" amid accusations of atheism."
C371,Legacy and Influence > Reception in Jewish and Christian Traditions,3 18,,"""abominable heresies"" -> best 0.00 in pg3800.txt:  || ""monstrous deeds,"" -> best 0.59 in pg3800.txt: on another s deeds and","The writ forbade all communication, favor, or proximity within four ells, attributing his expulsion to ""abominable heresies"" and ""monstrous deeds,"" likely encompassing his denial of the Torah's divine authorship, rejection of prophecy as historical revelation, and skepticism toward personal immortality and divine providence."
C383,"Legacy and Influence > Applications in Modern Science, Psychology, and Politics",143 144,,"""Spinoza's God, who reveals himself in the orderly harmony of what exists, not in a God who concerns himself with fates and actions of human beings,"" -> best 0.00 in pg3800.txt: ","Albert Einstein, in a 1929 interview, affirmed his belief in ""Spinoza's God, who reveals himself in the orderly harmony of what exists, not in a God who concerns himself with fates and actions of human beings,"" aligning Spinoza's pantheism with his own rejection of quantum indeterminacy in favor of a fully causal reality."
