unit_id,status,run2_fids,run3_fids,run2_sides,run3_sides
circumcision#0066,matched,F036,F036,pro,pro
circumcision#0094,run2_only,F053,,pro,
circumcision#0127,run2_only,F025,,pro,
circumcision#0128,run2_only,F025,,pro,
circumcision#0169,run2_only,F055,,anti,
circumcision#0192,run2_only,F055,,anti,
circumcision#0199,run2_only,F055,,pro,
circumcision#0231,run2_only,F033,,pro,
circumcision#0240,run2_only,F010,,pro,
circumcision#0244,matched,F003,F003,pro,pro
circumcision#0259,run2_only,F010,,neutral,
circumcision#0361,matched,F036,F036,pro,pro
circumcision#0435,run2_only,F033,,pro,
circumcision#0493,matched,F026,F002,pro,pro
circumcision#0504,run3_only,,F036,,pro
circumcision#0506,run2_only,F073,,pro,
circumcision#0508,matched,F036,F036,pro,pro
circumcision-and-hiv#0007,matched,F002,F002,pro,pro
circumcision-and-hiv#0008,matched,F040,F036,pro,pro
circumcision-and-hiv#0171,run2_only,F055,,pro,
circumcision-and-hiv#0255,run2_only,F036,,pro,
circumcision-and-hiv#0270,run2_only,F040,,pro,
circumcision-and-law#0007,matched,F026,F026,pro,pro
circumcision-and-law#0076,run2_only,F010,,pro,
circumcision-and-law#0077,matched,F040,F040,pro,pro
circumcision-and-law#0112,matched,F003,F003,pro,pro
circumcision-and-law#0123,matched,F026,F026,pro,pro
circumcision-and-law#0135,run2_only,F031,,pro,
circumcision-and-law#0419,matched,F040,F040,pro,pro
circumcision-and-law#0430,matched,F003,F003,pro,pro
circumcision-controversies#0050,run2_only,F011,,pro,
circumcision-controversies#0068,run2_only,F026,,pro,
circumcision-controversies#0080,run2_only,F031,,pro,
circumcision-controversies#0082,run2_only,F055,,pro,
circumcision-controversies#0083,matched,F031,F031,pro,pro
circumcision-controversies#0107,run2_only,F041,,anti,
circumcision-controversies#0112,matched,F042,F042,pro,pro
circumcision-controversies#0114,run2_only,F003,,pro,
circumcision-controversies#0116,matched,F042,F042,pro,pro
circumcision-controversies#0120,matched,F002,F002,pro,pro
circumcision-controversies#0121,matched,F013,F034,pro,pro
circumcision-controversies#0123,run2_only,F028,,pro,
circumcision-controversies#0132,matched,F073,F022,pro,pro
circumcision-controversies#0136,matched,F061,F061,pro,pro
circumcision-controversies#0140,run2_only,F036,,pro,
circumcision-controversies#0142,matched,F073,F073,pro,pro
circumcision-controversies#0164,matched,F032,F032,neutral,pro
circumcision-controversies#0184,matched,F003,F003,pro,pro
circumcision-controversies#0213,matched,F005,F032,pro,pro
circumcision-controversies#0240,matched,F040,F040,pro,pro
circumcision-controversies#0250,matched,F019,F019,pro,pro
circumcision-controversy-in-early-christianity#0007,run2_only,F033,,anti,
circumcision-controversy-in-early-christianity#0048,run2_only,F004,,neutral,
circumcision-controversy-in-early-christianity#0060,matched,F010,F010,pro,pro
circumcision-controversy-in-early-christianity#0061,run2_only,F010,,pro,
circumcision-controversy-in-early-christianity#0163,matched,F004,F040,anti,anti
circumcision-controversy-in-early-christianity#0206,matched,F031,F031,anti,anti
circumcision-controversy-in-early-christianity#0232,run3_only,,F040,,anti
circumcision-in-africa#0064,run3_only,,F010,,neutral
circumcision-in-africa#0182,run2_only,F032,,pro,
circumcision-in-africa#0267,run2_only,F055,,pro,
circumcision-in-africa#0311,matched,F040,F040,pro,pro
circumcision-in-africa#0322,run2_only,F036,,pro,
circumcision-in-africa#0323,run2_only,F027,,pro,
circumcision-in-africa#0325,matched,F001,F077,pro,pro
circumcision-in-africa#0326,matched,F056,F011,pro,pro
circumcision-in-africa#0327,matched,F001,F001,pro,pro
circumcision-in-africa#0328,run2_only,F073,,pro,
circumcision-in-brunei#0035,run3_only,,F040,,pro
circumcision-in-brunei#0064,matched,F022,F022,pro,pro
circumcision-in-brunei#0066,run3_only,,F003,,pro
circumcision-in-china#0043,run3_only,,F032,,pro
circumcision-in-china#0072,run3_only,,F032,,pro
circumcision-in-china#0078,run3_only,,F022,,pro
circumcision-in-the-bible#0012,run3_only,,F036,,anti
circumcision-of-jesus#0035,run2_only,F010,,neutral,
circumcision-of-jesus#0083,run3_only,,F004,,neutral
circumcision-surgical-procedure#0033,matched,F041,F041,neutral,anti
circumcision-surgical-procedure#0035,run2_only,F036,,pro,
circumcision-surgical-procedure#0044,run2_only,F055,,pro,
circumcision-surgical-procedure#0306,run3_only,,F002,,pro
circumcision-surgical-procedure#0345,run2_only,F036,,anti,
cost-of-circumcision-surgery-in-chaozhou#0026,run3_only,,F020,,neutral
cost-of-circumcision-surgery-in-chaozhou#0029,matched,F040,F040,pro,pro
cultural-views-on-circumcision-aesthetics#0005,matched,F036,F036,anti,anti
cultural-views-on-circumcision-aesthetics#0062,matched,F011,F011,neutral,neutral
cultural-views-on-circumcision-aesthetics#0124,run3_only,,F011,,pro
ethics-of-circumcision#0026,matched,F028,F028,pro,pro
ethics-of-circumcision#0083,matched,F026,F040,pro,pro
ethics-of-circumcision#0105,matched,F040,F040,pro,pro
ethics-of-circumcision#0106,matched,F022,F022,pro,pro
ethics-of-circumcision#0109,matched,F010,F010,pro,pro
ethics-of-circumcision#0111,run2_only,F003,,pro,
ethics-of-circumcision#0117,matched,F036,F073,pro,pro
ethics-of-circumcision#0118,matched,F042,F042,pro,pro
ethics-of-circumcision#0119,run3_only,,F041,,pro
ethics-of-circumcision#0120,run2_only,F022,,pro,
ethics-of-circumcision#0122,matched,F002,F002,pro,pro
ethics-of-circumcision#0150,matched,F027,F026,pro,pro
ethics-of-circumcision#0181,run2_only,F005,,pro,
ethics-of-circumcision#0182,run3_only,,F005,,pro
ethics-of-circumcision#0183,matched,F013,F034,pro,pro
ethics-of-circumcision#0187,matched,F028,F028,pro,pro
ethics-of-circumcision#0221,matched,F042,F042,pro,pro
ethics-of-circumcision#0224,matched,F025,F025,pro,pro
ethics-of-circumcision#0232,run2_only,F039,,pro,
ethics-of-circumcision#0235,run2_only,F026,,pro,
ethics-of-circumcision#0238,matched,F077,F077,pro,pro
ethics-of-circumcision#0260,matched,F040,F040,pro,pro
ethics-of-circumcision#0269,run3_only,,F003,,pro
ethics-of-circumcision#0275,run2_only,F040,,pro,
ethics-of-circumcision#0337,matched,F010,F010,pro,pro
ethics-of-circumcision#0344,run3_only,,F040,,pro
ethics-of-circumcision#0345,matched,F002,F002,pro,pro
ethics-of-circumcision#0346,run2_only,F040,,pro,
forced-circumcision#0001,matched,F040,F040,anti,anti
forced-circumcision#0008,run2_only,F041,,anti,
forced-circumcision#0009,matched,F040,F040,anti,anti
forced-circumcision#0010,matched,F026,F026,anti,anti
forced-circumcision#0020,matched,F034,F034,anti,anti
forced-circumcision#0307,matched,F005,F005,anti,anti
forced-circumcision#0311,run3_only,,F041,,anti
forced-circumcision#0320,matched,F027,F034,anti,anti
forced-circumcision-of-minors-in-south-korea#0001,matched,F040,F040,anti,anti
forced-circumcision-of-minors-in-south-korea#0011,run3_only,,F041,,pro
forced-circumcision-of-minors-in-south-korea#0016,run3_only,,F010,,pro
forced-circumcision-of-minors-in-south-korea#0022,run3_only,,F010,,pro
khitan-circumcision#0007,run2_only,F010,,pro,
khitan-circumcision#0010,run3_only,,F036,,pro
khitan-circumcision#0122,run2_only,F026,,anti,
khitan-circumcision#0223,matched,F040,F040,pro,pro
khitan-circumcision#0225,run3_only,,F036,,pro
khitan-circumcision#0229,matched,F036,F041,pro,pro
prevalence-of-circumcision#0065,run2_only,F032,,pro,
prevalence-of-circumcision#0214,run3_only,,F040,,anti
prevalence-of-circumcision#0246,run3_only,,F040,,anti
prohibition-of-female-circumcision-act-1985#0129,matched,F073,F073,neutral,neutral
prohibition-of-female-circumcision-act-1985#0134,run3_only,,F033,,anti
prohibition-of-female-circumcision-act-1985#0137,run2_only,F033,,anti,
prohibition-of-female-circumcision-act-1985#0140,matched,F002,F002,anti,anti
prohibition-of-female-circumcision-act-1985#0151,run2_only,F040,,pro,
prohibition-of-female-circumcision-act-1985#0161,run3_only,,F036,,pro
prohibition-of-female-circumcision-act-1985#0162,matched,F036,F041,pro,pro
prohibition-of-female-circumcision-act-1985#0163,matched,F040,F040,pro,pro
religion-and-circumcision#0005,matched,F026,F026,pro,pro
religion-and-circumcision#0018,run3_only,,F010,,neutral
religion-and-circumcision#0022,run3_only,,F010,,neutral
religion-and-circumcision#0234,matched,F040,F040,pro,pro
stapler-circumcision#0031,run3_only,,F036,,pro
stapler-circumcision#0145,run3_only,,F053,,pro
stapler-circumcision#0237,run3_only,,F011,,pro
views-on-circumcision#0101,matched,F042,F041,pro,pro
views-on-circumcision#0107,matched,F002,F002,pro,pro
views-on-circumcision#0108,matched,F040,F040,pro,pro
views-on-circumcision#0109,run3_only,,F010,,pro
views-on-circumcision#0125,run3_only,,F040,,pro
views-on-circumcision#0136,run2_only,F042,,pro,
views-on-circumcision#0138,matched,F003,F003,pro,pro
views-on-circumcision#0139,matched,F010,F010,pro,pro
views-on-circumcision#0150,run2_only,F042,,pro,
views-on-circumcision#0151,matched,F040,F040,pro,pro
views-on-circumcision#0204,matched,F003,F003,pro,pro
