slug	sentences	table_rows	headings	units_scanned	units_read_selfreport	flags	flagged_units
circumcision	475	12	39	487	all	6	6
circumcision-and-hiv	280	5	27	285	all	2	2
circumcision-and-law	419	0	37	419	all	6	6
circumcision-controversies	235	0	23	235	all	13	13
circumcision-controversy-in-early-christianity	214	0	25	214	all	4	4
circumcision-in-africa	287	15	27	302	all	5	5
circumcision-in-brunei	57	0	16	57	all	3	3
circumcision-in-china	71	0	16	71	all	3	3
circumcision-in-the-bible	139	0	14	139	all	1	1
circumcision-of-jesus	190	0	21	190	all	1	1
circumcision-surgical-procedure	337	5	30	342	all	2	2
cost-of-circumcision-surgery-in-chaozhou	164	0	27	164	all	2	2
cultural-views-on-circumcision-aesthetics	134	0	22	134	all	3	3
ethics-of-circumcision	328	0	36	328	all	21	21
feast-of-the-circumcision-of-christ	186	0	16	186	all	0	0
forced-circumcision	289	6	28	295	all	7	7
forced-circumcision-of-minors-in-south-korea	62	0	14	62	all	4	4
history-of-circumcision	252	6	22	258	all	0	0
khitan-circumcision	241	5	26	246	all	4	4
prevalence-of-circumcision	231	7	28	238	all	2	2
prohibition-of-female-circumcision-act-1985	161	0	22	161	all	6	6
religion-and-circumcision	230	0	23	230	all	4	4
stapler-circumcision	225	0	32	225	all	3	3
views-on-circumcision	195	0	21	195	all	9	9
TOTAL	5402	61	592	5463	all	111	111
