slug,quote,fid,fname,side,note
circumcision-in-brunei,underscoring the event's religious symbolism as a marker of true Muslim identity,F040,Loaded Language,pro,Article's own voice frames the rite as the marker of 'true' Muslim identity; evaluative predicate presented as description.
circumcision-in-brunei,"This approach adapts global evidence to Brunei's context, where male circumcision prevalence is estimated at 51.9% due to religious norms, potentially amplifying protective effects against HIV and other sexually transmitted infections.",F022,Accident,pro,"Applies the general WHO HIV-reduction finding to Brunei and claims amplified protection, while the article itself says Brunei-specific outcome data are limited; no check that the general rule's conditions hold here."
circumcision-in-brunei,General medical assessments indicate that circumcision confers benefits such as lowered urinary tract infection rates in infancy,F003,Red Herring,pro,The article says bersunat is done at ages 6-12; an infancy UTI benefit is offered in the Brunei health section without linking it to the practice described.
circumcision-in-china,"Authorities have refrained from endorsing circumcision for HIV prevention, citing insufficient readiness for policy adoption despite global evidence.",F022,Accident,pro,'Despite global evidence' treats a general finding as automatically binding on China without stating that its conditions apply here.
circumcision-in-china,"Incidence is modestly higher in urban settings, driven by greater exposure to medical recommendations emphasizing hygiene and preventive health benefits.",F032,Cum Hoc,pro,An urban/rural difference is given a single cause ('driven by' health-benefit messaging) with no confounder discussion; the benefit framing is presupposed.
circumcision-in-china,"Adherence to these measures, including avoidance of strenuous activity, contributes to high satisfaction rates exceeding 97% in reported cohorts.",F032,Cum Hoc,pro,Causal claim (aftercare 'contributes to' satisfaction) drawn from cohort satisfaction figures alone.
forced-circumcision-of-minors-in-south-korea,"The legal framework defers to family autonomy in such actions, exempting them from criminal liability under the Criminal Act due to the absence of state involvement",F041,False Equivalence,pro,Treats the constitutional state-action test as if it governed ordinary Criminal Act liability; the article itself says Article 257 covers injury to 'another person'.
forced-circumcision-of-minors-in-south-korea,"No documented cases exist of parents facing prosecution under broader criminal provisions for authorizing or performing such circumcisions on minors, reinforcing the exemption based on the domestic, non-public character of the act.",F010,Appeal to Ignorance,pro,Absence of prosecutions is offered as warrant for a legal exemption; no completeness or doctrine premise given.
forced-circumcision-of-minors-in-south-korea,"No judicial precedents exist where parental circumcision of a minor has been prosecuted as assault or bodily harm under Article 257 or related statutes, reflecting the boundary that exempts routine parental medical choices from criminal scrutiny",F010,Appeal to Ignorance,pro,Same move: no precedent is read as proof of an exempting 'boundary'.
forced-circumcision-of-minors-in-south-korea,Forced circumcision of minors in South Korea refers to the parental authorization of surgical foreskin removal on male children or adolescents without the minor's informed consent,F040,Loaded Language,anti,The lead defines all parental authorization as 'forced'; a contested evaluation is built into the definition.
circumcision-in-the-bible,"Thus, under the New Covenant, external circumcision is superseded by the inward transformation accomplished through faith in Jesus.",F036,Suppressed Evidence,anti,"In the article's own voice, one interpretive tradition's conclusion (supersession) is given as the meaning of the texts; no other reading of the covenant sign is linked."
cultural-views-on-circumcision-aesthetics,Scientific studies show no consistent overall preference or significant difference in female sexual satisfaction between circumcised and uncircumcised partners; results are mixed and often depend on cultural context.,F036,Suppressed Evidence,anti,The lead's summary leaves out the finding the same article reports later (a 2019 systematic review in which most studies found a preference for circumcised penises).
cultural-views-on-circumcision-aesthetics,"This underscores the cultural bias toward circumcision in Turkey, where uncircumcised men are less common and sometimes viewed negatively.",F011,Hasty Generalization,neutral,"A society-wide 'cultural bias' is inferred from posts on two online forums, which the article itself calls mixed."
cultural-views-on-circumcision-aesthetics,hygiene perceptions strongly influenced such sexual behaviors,F011,Hasty Generalization,pro,A general claim about behaviour follows directly from one participant's statement (n=1) in a 30-person qualitative study.
cost-of-circumcision-surgery-in-chaozhou,"with many parents and individuals expressing reluctance toward early infant or childhood procedures due to misconceptions about its necessity, benefits, or risks",F040,Loaded Language,pro,Calling reluctance 'misconceptions' settles in advance that the reluctant are wrong; the evaluation sits inside a descriptive clause.
cost-of-circumcision-surgery-in-chaozhou,"In the absence of specific prevalence data for Chaozhou or Guangdong Province, national trends are generally applicable",F020,Division,neutral,"National-level pattern is transferred to one city with no bridging premise, and the article says explicitly that no local data exist."
circumcision-of-jesus,Interdenominational debates focus less on the event's historicity—universally accepted via Gospel attestation—and more on its soteriological and ecclesial implications,F004,Appeal to Authority,neutral,"Historicity is called 'universally accepted' on the strength of the Gospel text alone, though the article's own history section says the event lacks independent verification."
stapler-circumcision,"Compared to conventional scalpel-and-suture circumcision, stapler circumcision consistently demonstrates shorter operative time, reduced intraoperative blood loss, lower pain scores, superior cosmetic appearance, and fewer complications such as edema and infection.",F036,Suppressed Evidence,pro,"'Consistently' leaves out contrary results the article itself reports later: comparable postoperative pain, longer wound healing and more edge swelling in children, and no difference in aesthetic satisfaction."
stapler-circumcision,"Early complications of stapler circumcision are generally infrequent and less common than those associated with conventional circumcision, with overall rates reported around 2.7% in large prospective studies.",F053,Argument from Repetition,pro,One source ([7]) is presented as plural 'large prospective studies'; one study's result is weighted as if it had been replicated.
stapler-circumcision,"These early studies on stapler devices established the technique's feasibility and safety in Chinese medical practice, facilitating wider adoption.",F011,Hasty Generalization,pro,'Established ... safety' follows from the single 62-patient study described just before.
views-on-circumcision,"Circumcision-related mortality is exceedingly rare, estimated at less than 1 in 500,000 procedures in developed settings, lower than the mortality risk associated with common pediatric surgeries like appendectomy, which exceeds 1% in infants under one year.",F041,False Equivalence,pro,"Mortality of an elective, preventive procedure on healthy infants is set beside the mortality of emergency surgery for a disease (appendicitis), as if the two were comparable risk choices."
views-on-circumcision,"Pain during neonatal circumcision is effectively mitigated with local anesthesia, reducing distress to levels comparable to routine vaccinations, countering assertions of unmanageable harm.",F002,Straw Man,pro,The opposing view is restated as a claim of 'unmanageable harm' and then rebutted; no opponent is quoted making that claim.
views-on-circumcision,undermining exaggerated characterizations of the procedure as inherently mutilative absent comparative data from other genital interventions,F040,Loaded Language,pro,"'Exaggerated' is an evaluative label for the opposing view, used in the article's own voice and not argued."
views-on-circumcision,"These outcomes emphasize that risks are minimized in standardized medical settings, with no causal link established to profound functional deficits in large-scale empirical reviews.",F010,Appeal to Ignorance,pro,'No causal link established' is used as if it showed that no functional harm exists.
views-on-circumcision,suggesting that consent-based objections may not align with observed outcomes,F003,Red Herring,pro,"Consent objections are about who decides, not about outcomes; satisfaction surveys are offered as a reply to a different question."
views-on-circumcision,where the absence of provable detriment challenges the urgency of prohibiting a procedure performed on millions without substantiated regret,F010,Appeal to Ignorance,pro,"Lack of proven harm is treated as a reason against the objection, and the number of people circumcised ('millions') is used as added warrant (F005 cue also present)."
views-on-circumcision,"Thus, rights-based defenses prioritize familial liberty and tradition as counterweights to individualistic absolutism, grounded in the causal reality that early stewardship maximizes child flourishing without viable infant alternatives.",F040,Loaded Language,pro,The article's own concluding sentence labels the other side 'individualistic absolutism' and calls a contested empirical claim 'causal reality'.
views-on-circumcision,"This analogy persists despite fundamental disparities: FGM offers no established health benefits and entails severe complications including urinary issues and increased mortality risks, whereas voluntary medical male circumcision (VMMC) demonstrates empirical benefits such as reduced heterosexual HIV acquisition.",F003,Red Herring,pro,"The analogy under discussion is about non-therapeutic circumcision of minors, but the rebuttal turns to voluntary adult VMMC in high-HIV settings."
views-on-circumcision,"This balanced approach underscores ongoing debates where U.S. and global public health bodies prioritize empirical preventive gains in targeted contexts, while European stances emphasize precautionary ethics amid contested net benefits outside epidemic zones.",F040,Loaded Language,pro,"One side is called 'empirical' and the other 'precautionary ethics', though the article had just reported the KNMG's position as a risk/benefit judgment."
prohibition-of-female-circumcision-act-1985,"The empirical record of zero convictions under the Act demonstrated its primarily symbolic function, with no deterrent effect evidenced in court outcomes.",F073,McNamara Fallacy,neutral,"Lack of deterrence is read off the one easily counted metric (convictions); deterrence itself is not measured, and the inference treats the conviction count as settling it."
prohibition-of-female-circumcision-act-1985,primarily due to entrenched cultural practices in non-integrated enclaves where assimilation pressures were minimal,F033,Causal Oversimplification,anti,"Persistence is put down mainly to one cause, low assimilation, while the article's own enforcement section lists several others (detection, testimony, resources, no extraterritorial reach)."
prohibition-of-female-circumcision-act-1985,Narratives attributing FGM persistence solely to socioeconomic factors like poverty have been overstated,F002,Straw Man,anti,The opposing view is cast as 'solely' socioeconomic; nobody is cited as holding the single-cause version being rebutted.
prohibition-of-female-circumcision-act-1985,"FGM typically excises nerve-rich clitoral tissue and can seal vaginal openings, leading to profound sexual dysfunction and psychological trauma absent in male procedures, which preserve urinary and reproductive functions intact.",F036,Suppressed Evidence,pro,"'Absent in male procedures' is asserted flatly, though the next sentence mentions claims of erogenous-tissue loss; the contrary view gets no weight in this comparison."
prohibition-of-female-circumcision-act-1985,"as evidenced by global health data showing FGM's complication rates far exceeding those of male circumcision (e.g., up to 15-30% acute issues in some FGM types versus under 1% for males in controlled settings)",F041,False Equivalence,pro,The comparison mismatches the decisive dimensions: the more severe FGM types in uncontrolled settings against male circumcision 'in controlled settings'. The Act also bans the minor forms (Type IV pricking) the article itself lists.
prohibition-of-female-circumcision-act-1985,"This distinction reflects causal prioritization of documented outcomes over superficial procedural analogies, rather than cultural or gender bias.",F040,Loaded Language,pro,'Superficial' dismisses the male/female analogy with a label instead of an argument; the conclusion (no bias) is asserted.
circumcision-and-hiv,but these have been rebutted by reanalyses and subsequent programmatic evaluations showing sustained population-level impacts without methodological collapse,F002,Straw Man,pro,The critiques are about inflated effect sizes and confounding; the reply rebuts a stronger claim ('methodological collapse') that the critics are not reported as making.
circumcision-and-hiv,"underscores its role as a one-time, cost-effective intervention, averting an estimated millions of infections",F036,Suppressed Evidence,pro,"The lead says 'millions' of infections were averted; the article's own impact section gives 230,000-340,000 by 2017-2019 and puts the millions in forward projections. The lower estimates are left out of the summary."
circumcision-controversies,"Parents exercise proxy consent for their minor children in medical decisions, including irreversible procedures such as vaccinations—which carry risks of rare but permanent neurological effects—and orthodontics, which permanently alter dental structure, based on a fiduciary duty to promote the child's long-term welfare amid incomplete information.",F042,False Analogy,pro,Vaccination and orthodontics are offered as parallels without addressing the properties that differ (removal of healthy tissue; whether the benefit could wait until the child can consent).
circumcision-controversies,"Societal utility further bolsters parental discretion in circumcision, as the procedure contributes to population-level reductions in sexually transmitted infections, analogous to herd immunity dynamics observed in vaccination programs.",F042,False Analogy,pro,The herd-immunity analogy is used as warrant with no account of how a neonatal procedure maps onto vaccine-style community protection.
circumcision-controversies,"Infant claims to bodily autonomy falter on grounds of incompetence, as neonates lack capacity for rational deliberation or foresight, rendering absolute deferral to adulthood philosophically incoherent and practically suboptimal.",F002,Straw Man,pro,The autonomy argument is restated as 'absolute deferral' being 'incoherent'. The opponents' actual claim is that the infant's present incapacity is the reason to wait.
circumcision-controversies,demand remains negligible—less than 1% of circumcised men pursue non-therapeutic reversals—suggesting widespread acceptance rather than latent dissatisfaction,F034,False Cause,pro,"Low uptake is put down to acceptance, while the article itself says, in the same sentence, that restoration gives inconsistent results and carries complications. That alternative cause is ignored."
circumcision-controversies,"In low-prevalence contexts, these benefits accrue cumulatively over lifetime exposure, outweighing surgical risks when discounting deontological objections and focusing on empirical causality.",F022,Accident,pro,The HIV effect from high-prevalence adult RCTs is extended to low-prevalence neonatal contexts without stating that the conditions hold; 'discounting deontological objections' assumes the other side away.
circumcision-controversies,"Removal aligns the anatomy with contemporary sanitary realities, reducing these mismatches without invoking adaptive foresight, as natural selection operates on reproductive fitness, not post-hoc hygiene optimality.",F061,Is-Ought Jump,pro,"An evolutionary 'mismatch' story (an 'is' claim) is turned into a normative conclusion that removal is fitting, with no bridging normative premise."
circumcision-controversies,"Prioritizing observable utilities over subjective proxies, the procedure's net causal effect favors reduced disease transmission over unsubstantiated pleasure deficits.",F073,McNamara Fallacy,pro,The net verdict rests on the readily measured outcomes (infection) and sets aside the hard-to-measure dimensions as 'subjective proxies'.
circumcision-controversies,"In high-risk African settings, VMMC interventions have demonstrated epidemiological causality through time-series declines in incidence post-uptake, exceeding expectations from behavioral interventions alone",F031,Post Hoc,pro,"Causality is claimed from incidence falling after uptake (temporal order), with no controls for the other interventions running at the same time."
circumcision-controversies,"No federal ban has emerged, but state-level Medicaid policies have causally influenced neonatal circumcision rates: as of 2014, 18 states excluded routine coverage, correlating with rates 24 percentage points lower than in covering states, reflecting economic barriers rather than outright prohibition.",F032,Cum Hoc,pro,'Causally influenced' rests on a cross-state correlation; regional and demographic confounders are not considered.
circumcision-controversies,"These variances underscore circumcision's role in select traditions as an enduring emblem of fidelity and group resilience, empirically supported by low adverse outcomes in supervised ritual contexts.",F003,Red Herring,pro,"Low complication rates are cited as empirical support for a claim about religious and identity meaning, which they do not bear on."
circumcision-controversies,"U.S. studies also link higher circumcision rates to parents with greater education levels, who cite familiarity with evidence on preventive health outcomes like reduced urinary tract infections and certain STIs, countering narratives of inverse correlations in less informed populations.",F032,Cum Hoc,pro,A correlation between education and circumcision is offered as if informed parents choose it because of the evidence; 'less informed' frames the other group.
circumcision-controversies,"These institutions advocate parental informed consent over legislative bans, prioritizing evidence-based decision-making amid activism-driven challenges.",F040,Loaded Language,pro,'Evidence-based' versus 'activism-driven' assigns the evaluation by label.
circumcision-controversies,"contributing to verifiable HIV incidence reductions of about 60% in heterosexual transmission to men, as confirmed by UNAIDS modeling and epidemiological data",F019,Composition,pro,"The individual-level RCT efficacy (60%) is presented as a 'verifiable' population-level incidence reduction 'confirmed' by modelling, though a model projection is not a verification."
ethics-of-circumcision,"historical continuity in experienced communal hands suggests adaptive safety mechanisms, such as herbal antiseptics, enabling generational persistence",F028,Appeal to Tradition,pro,"The practice's long persistence is offered as evidence that it is safe, right after the same sentence concedes elevated risks in unregulated contexts."
ethics-of-circumcision,"These findings counter unsubstantiated assertions of harm, as lower-quality self-report studies showing differences often suffer from recall bias or confounding factors like cultural attitudes",F040,Loaded Language,pro,'Unsubstantiated assertions' labels the opposing claims rather than engaging them.
ethics-of-circumcision,The best interest criterion in pediatric ethics demands an evidence-based evaluation of lifetime health outcomes over transient or unsubstantiated concerns.,F040,Loaded Language,pro,The standard is defined so that opposing concerns are 'transient or unsubstantiated' before any evidence is weighed.
ethics-of-circumcision,"Randomized controlled trials in Africa, extrapolated by the CDC, indicate that male circumcision confers a 50-60% reduction in heterosexual HIV acquisition risk, alongside lowered incidence of certain STIs like herpes simplex virus-2, yielding net preventive benefits that persist into adulthood.",F022,Accident,pro,"Adult high-prevalence RCT results are applied to a neonatal best-interest judgment in general, and no check is made that the trial conditions hold."
ethics-of-circumcision,Parental rights encompass transmitting cultural or religious traditions via such decisions when empirical data does not establish net harm,F010,Appeal to Ignorance,pro,Lack of established net harm is used as the warrant for permissibility; the burden is assigned without argument.
ethics-of-circumcision,"These causal data from high-quality RCTs and meta-analyses establish an empirical threshold where harms—primarily acute pain and rare complications—do not predominate, precluding classification as net harm",F073,McNamara Fallacy,pro,"A net-harm verdict, which is a judgment, is said to be 'established' empirically from the measured outcomes alone; the unmeasured dimensions (autonomy, sensation) are left out of the tally."
ethics-of-circumcision,"Critiques framing infant circumcision as inherently non-therapeutic, thus presumptively harmful, falter against precedents in preventive pediatric medicine, where procedures like heel-stick blood sampling for newborn metabolic screening inflict comparable or greater procedural pain yet are standard",F042,False Analogy,pro,"The heel-stick analogy ignores the decisive differences: no tissue is removed, and screening detects conditions that need action in infancy."
ethics-of-circumcision,"Pain scores from observational studies equate heel lancing (mean 2.2-4.0 on validated scales) with unanesthetized circumcision, but both are ethically endorsed when net utility prevails",F041,False Equivalence,pro,"Equates the two procedures on one pain scale and then on ethical endorsement, setting aside the dimensions on which they differ."
ethics-of-circumcision,Slippery slope arguments equating male circumcision to female genital mutilation (FGM) lack evidential parity,F002,Straw Man,pro,The FGM comparison is an analogy or consistency argument; relabelling it a 'slippery slope' rebuts an argument nobody made.
ethics-of-circumcision,"Nordic medical and ethical bodies, influenced by advocacy for genital autonomy, have pushed for restrictions or bans on non-therapeutic circumcision",F026,Poisoning the Well,pro,"Before stating the Nordic bodies' position, the article presents it as the product of advocacy influence, discounting it in advance. No pro-circumcision body gets a comparable framing."
ethics-of-circumcision,"Reports of adult regret over neonatal circumcision remain infrequent, with reversal procedures sought by only a small minority—estimated at around 3 per 1,000 adult males in the U.S.—implying broad acceptance within these cultural milieus.",F034,False Cause,pro,"Low uptake of restoration is put down to acceptance, while the article itself says restoration gives only a 'facsimile' and cannot restore the tissue. That more likely cause is ignored."
ethics-of-circumcision,"Studies in voluntary medical male circumcision programs in sub-Saharan Africa indicate that perceived norms favoring circumcision correlate with reduced anticipated stigma for participants, suggesting that widespread adoption aligns individuals with dominant social expectations and averts marginalization.",F005,Appeal to Popularity,pro,"Conformity, and the social cost of deviating, is presented as a benefit supporting the practice (F005, social-pressure cue)."
ethics-of-circumcision,"This environmental causality underscores how cultural persistence can embody practical responses to historical exigencies, validating continuity where no overriding harm is empirically demonstrated.",F028,Appeal to Tradition,pro,"A hypothesised ancient origin plus persistence is said to 'validate continuity', and the burden rests on absence of demonstrated harm (F010 cue also present)."
ethics-of-circumcision,"However, this framing overlooks its preventive classification in contexts analogous to vaccines, where interventions target rare but severe outcomes with net benefits",F042,False Analogy,pro,The vaccine analogy is asserted with no relevance premise for the transferred properties.
ethics-of-circumcision,yet this reflects historical and cultural norms—such as post-World War II abandonment in the UK and bans linked to anti-Jewish sentiments in antiquity—rather than superior medical outcomes,F025,Guilt by Association,pro,"Europe's low prevalence is linked to ancient anti-Jewish bans, discrediting the non-necessity argument by association instead of on content."
ethics-of-circumcision,"The ethical calculus of circumcision pain weighs transient, mitigable distress against documented health gains, contrasting sharply with unanesthetized female genital cutting, where severe, unmanaged nociception correlates with chronic pelvic pain and dyspareunia in up to 30-50% of cases per cohort studies.",F077,Fallacy of Relative Privation,pro,Concern about circumcision pain is answered by pointing to a worse practice (unanaesthetised FGC).
ethics-of-circumcision,"Evidence-based neutrality in these processes requires prioritizing peer-reviewed data over emotive or unsubstantiated claims, such as exaggerated complication rates unsupported by large cohort studies showing serious adverse events below 1%.",F040,Loaded Language,pro,"'Emotive', 'unsubstantiated' and 'exaggerated' label the other side inside a supposed neutrality rule."
ethics-of-circumcision,"however, empirical data reveal low voluntary uptake, suggesting many uncircumcised males forgo the procedure despite established preventive benefits against urinary tract infections (UTIs) in infancy and HIV acquisition later in life",F003,Red Herring,pro,"The autonomy argument is answered with the fact that adults rarely choose the procedure, which does not bear on who should decide. Infant UTI benefit is also cited as a reason adults should have chosen it."
ethics-of-circumcision,as the UNCRC's silence on condemnation reflects an acknowledgment that proxy parental decisions can align with overall child welfare when risks are minimized through sterile procedures,F010,Appeal to Ignorance,pro,The treaty's silence is read as positive acknowledgement.
ethics-of-circumcision,Absolutist claims equating male circumcision to mutilation overlook data showing complication rates below 0.5% in hospital settings versus higher non-medical ritual risks,F002,Straw Man,pro,"The 'mutilation' claim is about removing healthy tissue without consent; it is rebutted as if it were a claim about complication rates, and it is labelled 'absolutist'."
ethics-of-circumcision,"Rights interpretations under these frameworks emphasize empirical balancing over ideological purity, weighing irreversible alteration against causal evidence of net health gains.",F040,Loaded Language,pro,'Ideological purity' versus 'empirical balancing' assigns the evaluation by label.
circumcision-controversy-in-early-christianity,"This event, occurring around AD 40, demonstrated empirically that God accepted uncircumcised Gentiles into the covenant community based on faith alone.",F040,Loaded Language,anti,A theological reading of Acts is labelled an empirical demonstration in the article's own voice; 'empirically' carries evaluative weight that the evidence does not supply.
circumcision-controversy-in-early-christianity,"thus, they circumcised their sons without recorded dissent from Jesus, who critiqued external ritualism but not the covenant's physical sign itself",F010,Appeal to Ignorance,pro,Jesus' endorsement of the rite for his disciples' families is inferred from the absence of recorded dissent.
circumcision-controversy-in-early-christianity,"The policy's causal effect was the acceleration of Christianity's demographic shift toward Gentile majorities, as evidenced by the proliferation of house churches in Asia Minor and Greece by the 50s CE",F031,Post Hoc,anti,Causation is inferred from growth that came after the decree; no other causes are considered.
circumcision-controversy-in-early-christianity,sidestepping broader Torah demands and underscoring Christianity's emerging universalism over Judaism's particularism,F040,Loaded Language,anti,'Universalism' versus 'particularism' builds a value contrast into what is presented as description.
khitan-circumcision,"Controversies arise from conflation with female genital cutting, which lacks equivalent endorsement in primary Islamic sources and is absent from khitan's male-specific focus, highlighting interpretive divergences in fiqh.",F036,Suppressed Evidence,pro,"'Absent from khitan's male-specific focus' leaves out what the article itself reports: Dawoodi Bohra 'khitan' includes female khatna, and jurists vary on female circumcision."
khitan-circumcision,"Khitan, the Islamic practice of male circumcision, surgically excises the foreskin covering the glans penis, preserving the organ's primary erectile and urinary functions while removing a non-vital cutaneous layer.",F040,Loaded Language,pro,"'Non-vital cutaneous layer' is a minimising evaluative description, set against the next sentence's 'erogenous tissue essential for sexual sensation' for FGC."
khitan-circumcision,none of which align anatomically or functionally with the localized removal in khitan,F036,Suppressed Evidence,pro,The comparison omits WHO Type IV and the clitoral-hood excision that the article itself describes for Bohra khatna.
khitan-circumcision,"Complication rates for medically supervised male circumcision remain below 1% for serious adverse events, whereas FGC, predominantly non-sterile and non-clinical, correlates with morbidity rates exceeding 20% in untreated cases.",F041,False Equivalence,pro,"Compares medically supervised male procedures with non-clinical FGC, so the setting differs on a decisive dimension; the article's own figures for traditional khitan complications are higher."
religion-and-circumcision,though source biases in academic and media analyses often skew toward cultural relativism over causal health outcomes,F026,Poisoning the Well,pro,"Before any source is discussed, the lead discounts academic and media analysis as biased, which pre-emptively weakens later critical claims."
religion-and-circumcision,"No archaeological or textual records indicate female circumcision in ancient Egypt, distinguishing it as a male-specific custom.",F010,Appeal to Ignorance,neutral,"A positive conclusion ('male-specific custom') is drawn from absence of records, with no completeness premise."
religion-and-circumcision,"routine male circumcision was not practiced in Mesopotamia, as confirmed by the absence of osteological or cuneiform references to the procedure",F010,Appeal to Ignorance,neutral,Absence of references is said to 'confirm' non-practice; there is no premise that the record is complete.
religion-and-circumcision,reflecting empirical data on low complication rates (under 1% in regulated settings) over absolutist child-rights arguments,F040,Loaded Language,pro,"'Absolutist' labels the child-rights position, and the article attributes the resolutions' deference to 'empirical data' without support."
circumcision-in-africa,"No comparable evidence exists for female genital cutting in ancient Egyptian records or mummies, limiting the practice to males.",F010,Appeal to Ignorance,neutral,Absence of evidence is turned into a positive restriction ('limiting the practice to males').
circumcision-in-africa,though VMMC's evidenced HIV efficacy in heterosexual epidemics tempers absolutist autonomy claims,F040,Loaded Language,pro,'Absolutist' labels the autonomy position instead of answering it; efficacy does not address the consent premise.
circumcision-in-africa,"who aggressively oppose male procedures while supporting interventions against female genital mutilation (FGM), despite FGM's greater documented harms like urinary issues and childbirth complications",F077,Fallacy of Relative Privation,pro,Discounts opposition to male procedures because FGM is worse; also loaded wording ('aggressively').
circumcision-in-africa,"In 2012, intactivists coordinated negative Amazon reviews to demote a book synthesizing evidence for circumcision's role in HIV control, illustrating ideological efforts to suppress data-driven discourse over scientific merit.",F011,Hasty Generalization,pro,A single review campaign is generalised into evidence of broad 'ideological efforts to suppress' discourse.
circumcision-in-africa,"These actions, from sources with apparent conflicts tied to advocacy rather than epidemiological expertise",F001,Ad Hominem,pro,Discounts the opponents' position by pointing to their motives and credentials rather than their arguments (circumstantial ad hominem).
circumcision-surgical-procedure,"Ritual or traditional settings, including Jewish brit milah by mohels or tribal initiations, often forgo anesthesia and modern clamps in favor of sharp instruments like ritual knives, resulting in substantially higher risks—up to 14% severe complications like excessive bleeding or sepsis—due to non-sterile conditions and untrained performers.",F041,False Equivalence,anti,Groups mohel brit milah with tribal initiations under one risk ceiling and 'untrained performers' without separating them.
circumcision-surgical-procedure,"Claims of psychological trauma, such as links to autism spectrum disorder via stress hormone accumulation, lack empirical support from controlled studies examining glucocorticoid levels.",F002,Straw Man,pro,"The weakest version (autism via glucocorticoids) stands in for 'claims of psychological trauma' in general, and is then dismissed."
forced-circumcision,"Forced circumcision is the non-consensual surgical removal of the foreskin from the penis, encompassing procedures performed on infants incapable of consent, coercive initiations on adolescents or adults, and punitive or assimilative acts in historical or conflict settings.",F040,Loaded Language,anti,Persuasive definition that counts routine infant circumcision as 'forced'; the article's own Definition section restricts the term to physical coercion and says force is 'rarely applied' to infants.
forced-circumcision,Proponents invoke unproven or context-specific benefits like reduced HIV transmission in high-prevalence areas,F040,Loaded Language,anti,"The article's own voice labels the benefits 'unproven', while its health section reports RCT evidence for them."
forced-circumcision,"Debates persist over source credibility, with public health advocacy sometimes amplifying benefits while underreporting autonomy violations, reflecting institutional pressures in global campaigns.",F026,Poisoning the Well,anti,Pre-emptively discredits public-health sources by imputing institutional motives.
forced-circumcision,"Empirical data from regions like eastern Africa highlight procedural complications in up to 10-20% of coerced initiations, underscoring the causal link between non-consent and adverse outcomes.",F034,False Cause,anti,"Attributes complications to non-consent; the article elsewhere names the better cause (unsterile tools, untrained practitioners, no anaesthesia)."
forced-circumcision,"This disparity fuels accusations of a double standard, as evidenced by surveys in Sweden where 38% of medical students viewed the practices as comparable in ethical terms, challenging institutional narratives that separate them into ""mutilation"" for females and ""procedure"" for males.",F005,Appeal to Popularity,anti,An opinion share (38% of students) is offered as a challenge to the substantive distinction.
forced-circumcision,as similar minimal interventions on males face no such scrutiny,F041,False Equivalence,anti,Treats foreskin removal as 'similar' to a ritual 'nicking' with no tissue removal.
forced-circumcision,"with policy divergences often tracing to cultural familiarity—male practices normalized in Abrahamic traditions and Western medicine, while FGC is exoticized as barbaric",F034,False Cause,anti,"Explains the policy divergence by familiarity and leaves out the harm-severity explanation the article itself presents (WHO, the table's risk rows)."
prevalence-of-circumcision,These low rates represent a marked decline from mid-20th-century peaks influenced by transient medical fashions,F040,Loaded Language,anti,"'Transient medical fashions' is an evaluative label for past medical rationales, given as description."
prevalence-of-circumcision,mirroring Australia's shift away from unsubstantiated medical traditions,F040,Loaded Language,anti,'Unsubstantiated medical traditions' presents a contested evaluation as settled.
circumcision-and-law,amid source biases in advocacy-driven research that often amplify risks or understate cultural contexts,F026,Poisoning the Well,pro,Discounts critical research as 'advocacy-driven' before any of it is presented.
circumcision-and-law,"Empirical data on benefits, such as HIV reduction in high-prevalence areas (60% efficacy per WHO meta-analyses), complicates absolutist integrity claims",F040,Loaded Language,pro,'Absolutist' labels the bodily-integrity position rather than engaging with it.
circumcision-and-law,"but secular opposition has fueled debates framing it as a violation of autonomy, despite empirical data showing low complication rates (under 1% for trained providers) and no long-term functional deficits in peer-reviewed studies",F003,Red Herring,pro,Complication and function data are set against an autonomy and consent objection they do not address.
circumcision-and-law,"These variations underscore a pattern where empirical risk assessments favor regulated access over bans, countering advocacy from sources like secular NGOs that amplify rare complications without proportional context.",F026,Poisoning the Well,pro,Discredits opposing sources by characterising them ('amplify rare complications') instead of addressing their claims.
circumcision-and-law,Such outcomes reflect causal realism in law,F040,Loaded Language,pro,'Causal realism' gives an approving label to deference to parental agreements.
circumcision-and-law,"reaffirmed public health benefits such as reduced urinary tract infections and sexually transmitted infections, countering ethical critiques",F003,Red Herring,pro,"A review of health benefits is said to counter ethical (consent) critiques, which it does not address."
circumcision,"Neonatal circumcision in the first week enables near-painless outcomes under optimal blocks, given lower pre-phimosis sensitivity.",F036,Suppressed Evidence,pro,'Near-painless' ignores the paragraph's own evidence that blocks and combinations 'lessen but do not erase pain' and 'fall short of elimination'.
circumcision,"Ethical concerns stress informed consent and autonomy, especially for minors, though evidence favors net morbidity reductions in high-burden contexts.",F003,Red Herring,pro,Morbidity evidence is set against a consent and autonomy concern it does not address.
circumcision,"While critics highlight limited absolute risk reductions in low-prevalence areas, systematic reviews confirm overall net benefits without harm to sexual function or sensitivity.",F036,Suppressed Evidence,pro,"Leaves out contrary evidence the article itself reports (Danish and Canadian cohorts, 2013 STI meta-analysis, mixed adult sensitivity studies)."
circumcision,"Claims of reduced pleasure often come from biased, self-selected surveys, while blinded tests and longitudinal data show no consistent losses.",F002,Straw Man,pro,"Reduces the opposing evidence to 'biased, self-selected surveys', while the article itself cites medical studies reporting decreased pleasure after adult circumcision."
circumcision,Sexual Function/Satisfaction | No adverse effect; some benefits | [115] [247],F036,Suppressed Evidence,pro,The summary table row drops the 'mixed results' and adult-procedure findings the article reports earlier.
circumcision,"Anti-circumcision claims often use observational data, contrasting RCT strength and highlighting the value of causal over correlative evidence.",F036,Suppressed Evidence,pro,"Double standard: the UTI and penile-cancer benefits cited in the same section rest on observational data, which goes unmentioned."
