slug	units_total	units_read	paras	table_rows	flags
circumcision	396	396	384	12	15
circumcision-and-hiv	222	222	217	5	5
circumcision-and-law	320	320	320	0	8
circumcision-controversies	180	180	180	0	21
circumcision-controversy-in-early-christianity	161	161	161	0	5
circumcision-in-africa	240	240	225	15	9
circumcision-in-brunei	42	42	42	0	1
circumcision-in-china	55	55	55	0	0
circumcision-in-the-bible	100	100	100	0	0
circumcision-of-jesus	146	146	146	0	1
circumcision-surgical-procedure	266	266	261	5	4
cost-of-circumcision-surgery-in-chaozhou	115	115	115	0	1
cultural-views-on-circumcision-aesthetics	96	96	96	0	2
ethics-of-circumcision	242	242	242	0	24
feast-of-the-circumcision-of-christ	138	138	138	0	0
forced-circumcision	230	230	224	6	7
forced-circumcision-of-minors-in-south-korea	47	47	47	0	1
history-of-circumcision	187	187	181	6	0
khitan-circumcision	184	184	179	5	4
prevalence-of-circumcision	193	193	186	7	1
prohibition-of-female-circumcision-act-1985	122	122	122	0	6
religion-and-circumcision	178	178	178	0	2
stapler-circumcision	160	160	160	0	0
views-on-circumcision	151	151	151	0	9
ashley-montagu-resolution	194	194	194	0	4
brit-milah	289	289	283	6	4
children-act-1989-amendment-female-genital-mutilation-act-2019	106	106	106	0	1
clitoridectomy	210	210	205	5	0
female-genital-mutilation	303	303	293	10	5
female-genital-mutilation-act-2003	200	200	200	0	5
female-genital-mutilation-in-india	200	200	200	0	3
female-genital-mutilation-in-new-zealand	126	126	126	0	5
female-genital-mutilation-in-nigeria	154	154	154	0	2
female-genital-mutilation-in-sudan	215	215	215	0	4
female-genital-mutilation-in-the-gambia	142	142	124	18	1
female-genital-mutilation-in-the-united-kingdom	173	173	173	0	3
female-genital-mutilation-in-the-united-states	187	187	187	0	5
female-genital-mutilation-laws-by-country	283	283	249	34	3
foreskin	231	231	226	5	5
foreskin-man	115	115	115	0	0
foreskin-restoration	229	229	229	0	1
gishiri-cutting	147	147	147	0	1
infibulation	187	187	187	0	3
international-day-of-zero-tolerance-for-female-genital-mutilation	191	191	191	0	4
meatal-stenosis	130	130	130	0	2
mohel	181	181	181	0	4
penile-subincision	115	115	115	0	0
prevalence-of-female-genital-mutilation	204	204	199	5	4
religious-views-on-female-genital-mutilation	156	156	156	0	2
restoration-device	205	205	205	0	2
ulwaluko	175	175	170	5	6
women-unaffected-by-female-genital-cutting	151	151	147	4	14
brit-shalom-naming-ceremony	113	113	107	6	2
holy-prepuce	124	124	124	0	0
lipodermos	107	107	107	0	0
paraphimosis	157	157	157	0	1
phimosis	274	274	263	11	3
redundant-prepuce	113	113	113	0	0
TOTAL	10258	10258			225
