n,times_cited,domain,title,url,duplicate_of,malformed_url
1,1,research.rug.nl,"[PDF] University of Groningen Spinoza, Baruch Marrama, Oberto",https://research.rug.nl/files/71388054/Oberto_Marrama_Spinoza_Type_C.pdf,,
2,5,tau.ac.il,Prof Asa Kasher,https://www.tau.ac.il/~kasher/pspin.htm,,
3,11,neh.gov,Why Spinoza Was Excommunicated,https://www.neh.gov/article/why-spinoza-was-excommunicated,,
4,2,pubs.lib.umn.edu,Substance and Determinism in Spinoza's <i>Ethics</i>,https://pubs.lib.umn.edu/index.php/aisthesis/article/view/50/35,,
5,3,cambridge.org,Spinoza's 'Theological-Political Treatise',https://www.cambridge.org/core/books/spinozas-theologicalpolitical-treatise/F44C8F0EA7402357FDA89BA79FDF3A9E,,
6,1,onlinelibrary.wiley.com,Spinoza's Life - Wiley Online Library,https://onlinelibrary.wiley.com/doi/abs/10.1002/9781119538349.ch1,,
7,1,cambridge.org,Spinoza's Contribution to Biblical Scholarship (Chapter 10),https://www.cambridge.org/core/books/cambridge-companion-to-spinoza/spinozas-contribution-to-biblical-scholarship/21DCD738A57D5E689F78E90ABF96A081,,
8,6,jewishencyclopedia.com,"SPINOZA, BARUCH (BENEDICT DE SPINOZA) - Jewish Encyclopedia",https://www.jewishencyclopedia.com/articles/13964-Spinoza-baruch-benedict-de-spinoza,,
9,10,assets.cambridge.org,Spinoza's life and works - Assets - Cambridge University Press,https://assets.cambridge.org/97805218/36203/excerpt/9780521836203_excerpt.pdf,,
10,5,cambridge.org,Spinoza's Life (Chapter 1) - Cambridge University Press & Assessment,https://www.cambridge.org/core/books/cambridge-companion-to-spinoza/spinozas-life/BB01FADE7D59D6E2A767D8481F875D4A,,
11,16,iep.utm.edu,"Spinoza, Benedict De | Internet Encyclopedia of Philosophy",https://iep.utm.edu/spinoza/,,
12,23,plato.stanford.edu,Baruch Spinoza - Stanford Encyclopedia of Philosophy,https://plato.stanford.edu/entries/spinoza/,,
13,1,encyclopedia.com,Baruch Spinoza | Encyclopedia.com,https://www.encyclopedia.com/people/philosophy-and-religion/philosophy-biographies/baruch-spinoza,,
14,1,spinozaweb.org,"Michael Espinosa, d - The Spinoza Web",https://spinozaweb.org/people/4,,
15,2,philosophynow.org,Spinoza: Cursed be he by day; and cursed be he by night | Issue 56,https://philosophynow.org/issues/56/Spinoza_Cursed_be_he_by_day_and_cursed_be_he_by_night,,
16,3,commentary.org,Why Spinoza Was Excommunicated - Commentary Magazine,https://www.commentary.org/articles/yirmiahu-yovel/why-spinoza-was-excommunicated/,,
17,3,monoskop.org,Baruch Spinoza - Monoskop,https://monoskop.org/Baruch_Spinoza,,
18,2,capone.mtsu.edu,[PDF] The Excommunication of Baruch Spinoza,https://capone.mtsu.edu/rbombard/RB/PDFs/Excommunication.pdf,,
19,2,thetorah.com,Spinoza: Who Wrote the Bible Determines How We Read It,https://www.thetorah.com/article/spinoza-who-wrote-the-bible-determines-how-we-read-it,,
20,1,academic.oup.com,Immortality on the Amstel | Spinoza's Heresy - Oxford Academic,https://academic.oup.com/book/2301/chapter/142428684,,
21,1,stephenhicks.org,Why Spinoza was excommunicated - Stephen Hicks,https://www.stephenhicks.org/2017/05/14/why-spinoza-was-excommunicated/,,
22,1,jtsa.edu,Intra-Jewish Censorship: The Case of Spinoza,https://www.jtsa.edu/torah/intra-jewish-censorship/,,
23,2,academic.oup.com,"Collegiants, Millenarians, and Quakers: The Mid- and Late 1650s",https://academic.oup.com/book/46634/chapter/410072453,,
24,2,justinmurphy.studio,The Life of Spinoza as an Independent Scholar | Justin Murphy,https://justinmurphy.studio/spinoza/,,
25,1,spinozakringlier.weebly.com,Collectie MDJ - Spinozakring Lier,https://spinozakringlier.weebly.com/collectie-mdj.html,,
26,1,kvond.files.wordpress.com,[PDF] Spinoza's life and works,https://kvond.files.wordpress.com/2008/12/spinozas-life-and-works-by-w-n-a-klever5.pdf,,
27,1,philarchive.org,[PDF] Spinoza: A Guide for the Perplexed - PhilArchive,https://philarchive.org/archive/RICSBA-2,,
28,2,jamanetwork.com,"Baruch Spinoza: Heretic, Lens Grinder | JAMA Ophthalmology",https://jamanetwork.com/journals/jamaophthalmology/fullarticle/413771,,
29,1,louiseboscacci.net,[PDF] Spinoza was a lens maker - Louise Boscacci,https://louiseboscacci.net/wp-content/uploads/2016/01/1_louise_boscacci_spinoza_lens_maker_120915_boscaccipublications2015.pdf,,
30,1,ajo.com,Spinoza as an Optician - American Journal of Ophthalmology,https://www.ajo.com/article/S0002-9394%2813%2900806-4/fulltext,,
31,1,kvond.wordpress.com,Did the Huygenses “buy” Spinoza's lens polishing technique?,https://kvond.wordpress.com/2008/07/15/did-the-huygenses-buy-spinozas-lens-polishing-technique/,,
32,1,academic.oup.com,Chapter 2 The God of Spinoza - Oxford Academic,https://academic.oup.com/book/32889/chapter/276470306,,
33,1,thecollector.com,When Philosophy Meets Oppression: Who Was Baruch Spinoza?,https://www.thecollector.com/who-was-baruch-spinoza-philosopher/,,
34,1,,wsj.com/articles/spinoza-a-heretical-and-modern-mind-11602283456,https://www.wsj.com/articles/spinoza-a-heretical-and-modern-mind-11602283456,,
35,8,spinozaweb.org,"Rijnsburg, Spinozahuis - The Spinoza Web",https://spinozaweb.org/locations/6,,
36,3,academic.oup.com,"Rijnsburg Years (1661–1663) | Spinoza, Life and Legacy",https://academic.oup.com/book/46634/chapter/410073059,,
37,1,spinozaweb.org,"Voorburg, Kerklaan - The Spinoza Web",https://spinozaweb.org/locations/7,,
38,3,workersliberty.org,Spinoza: a rebel's life | Workers' Liberty,https://workersliberty.org/story/2022-10-18/spinoza-rebels-life,,
39,1,newadvent.org,CATHOLIC ENCYCLOPEDIA: Spinoza - New Advent,https://www.newadvent.org/cathen/14217a.htm,,
40,1,academic.oup.com,"Voorburg (1663–1664) | Spinoza, Life and Legacy - Oxford Academic",https://academic.oup.com/book/46634/chapter/410073711,,
41,1,spinozaweb.org,"The Hague, Stille Veerkade, no. 32 - The Spinoza Web",https://spinozaweb.org/locations/9,,
42,1,spinozaweb.org,"The Hague, Paviljoensgracht, nos 72–74 - The Spinoza Web",https://spinozaweb.org/locations/8,,
43,1,historyofholland.com,Spinoza - History of Holland,https://www.historyofholland.com/spinoza.html,,
44,2,oll.libertyfund.org,"The Chief Works of Benedict de Spinoza, vol 1",https://oll.libertyfund.org/titles/elwes-the-chief-works-of-benedict-de-spinoza-vol-1,,
45,30,plato.stanford.edu,Spinoza's Political Philosophy,https://plato.stanford.edu/entries/spinoza-political/,,
46,1,newyorker.com,Baruch Spinoza and the Art of Thinking in Dangerous Times,https://www.newyorker.com/magazine/2024/02/12/baruch-spinoza-and-the-art-of-thinking-in-dangerous-times,,
47,1,sacred-texts.com,Correspondence of Spinoza: Letter LIII. From Fabritius - Sacred Texts,https://sacred-texts.com/phi/spinoza/corr/corr51.htm,,
48,1,britannica.com,"Benedict de Spinoza - Dutch Philosopher, Ethics, Rationalism",https://www.britannica.com/biography/Benedict-de-Spinoza/The-period-of-the-Ethics,,
49,3,emlo-portal.bodleian.ox.ac.uk,The Correspondence of Baruch Spinoza – EMLO - University of Oxford,http://emlo-portal.bodleian.ox.ac.uk/collections/?catalogue=baruch-spinoza,,
50,4,earlymoderntexts.com,[PDF] Baruch Spinoza - Correspondence - Early Modern Texts,https://www.earlymoderntexts.com/assets/pdfs/spinoza1661.pdf,,
51,1,faculty.umb.edu,Letter 15 (32) Spinoza to Oldenburg.,https://www.faculty.umb.edu/gary_zabel/Courses/Spinoza/Texts/Spinoza/let1532.htm,,
52,1,faculty.umb.edu,Letter 21 (73) Spinoza to Oldenburg.,https://faculty.umb.edu/gary_zabel/Courses/Spinoza/Texts/Spinoza/let2173.htm,,
53,1,newt.to,LETTER XXXVIII. (XXVII.): Spinoza to Blyenbergh. - The ethics and ...,https://newt.to/benedict.spinoza/mgaUl6Q4Rv/qzVrilfiG8,,
54,1,sacred-texts.com,Correspondence of Spinoza: Letter LV. From Hugo Boxel,https://sacred-texts.com/phi/spinoza/corr/corr53.htm,,
55,1,sacred-texts.com,Correspondence of Spinoza Index | Sacred Texts Archive,https://sacred-texts.com/phi/spinoza/corr/index.htm,,
56,1,api.pageplace.de,[PDF] The Correspondence of Spinoza,https://api.pageplace.de/preview/DT0400.9780429615344_A37370821/preview-9780429615344_A37370821.pdf,,
57,1,kvond.wordpress.com,Spinoza and Tuberculosis: His Disease and Devotion - Frames /sing,https://kvond.wordpress.com/2008/09/05/spinoza-and-tuberculosis-disease-and-devotion/,,
58,1,euppublishingblog.com,5 Things You Never Knew About Spinoza - Edinburgh University ...,https://euppublishingblog.com/2018/11/11/5-things-you-never-knew-about-spinoza/,,
59,11,iep.utm.edu,Benedict de Spinoza: Metaphysics,https://iep.utm.edu/spinoz-m/,,
60,3,plato.stanford.edu,Spinoza's Physical Theory - Stanford Encyclopedia of Philosophy,https://plato.stanford.edu/entries/spinoza-physics/,,
61,1,ncfbusinesssolutions.files.wordpress.com,Spinoza's Notions of God as Nature with Lao Tzu's Notions of the Tao,https://ncfbusinesssolutions.files.wordpress.com/2015/06/comparative-philosophy-sample.pdf,,
62,3,marxists.org,Spinoza's ETHICS - Marxists Internet Archive,https://www.marxists.org/reference/subject/philosophy/works/ne/ethics.htm,,
63,1,,quod.lib.umich.edu/cgi/p/pod/dod-idx/spinoza-on-extension.pdf?c=phimp;idno=3521354.0015.014;format=pdf,https://quod.lib.umich.edu/cgi/p/pod/dod-idx/spinoza-on-extension.pdf?c=phimp;idno=3521354.0015.014;format=pdf,,
64,2,cambridge.org,Descartes' dualism and its relation to Spinoza's metaphysics ...,https://www.cambridge.org/core/books/cambridge-companion-to-descartes-meditations/descartes-dualism-and-its-relation-to-spinozas-metaphysics/22A4E6AF3C9145AA35D16FA4473B3334,,
65,3,philarchive.org,[PDF] TWO PROBLEMS IN SPINOZA'S THEORY OF MIND James Van ...,https://philarchive.org/archive/VANTPI-15,,
66,1,rochester.edu,[PDF] Descartes and Spinoza - University of Rochester,https://www.rochester.edu/college/faculty/alisonpeterman/Embodiment.pdf,,
67,1,thecollector.com,The Mind & Body Problem in the Philosophy of Baruch Spinoza,https://www.thecollector.com/spinoza-mind-body-problem/,,
68,1,works.hcommons.org,[PDF] The Rhetoric of the Geometrical Method: Spinoza's Double Strategy,https://works.hcommons.org/records/bzknm-1ea67/files/06-long-rhetoric-of-geometrical-method.pdf,,
69,4,plato.stanford.edu,Spinoza's Epistemology and Philosophy of Mind,https://plato.stanford.edu/entries/spinoza-epistemology-mind/,,
70,6,iep.utm.edu,Benedict de Spinoza: Epistemology,https://iep.utm.edu/spino-ep/,,
71,4,faculty.umb.edu,"Spinoza - Ethics 2, Propositions 32-40",https://www.faculty.umb.edu/gary_zabel/Courses/Spinoza/Texts/Spinoza/e2e.htm,,
72,3,philarchive.org,[PDF] Reason and Knowledge in Spinoza - PhilArchive,https://philarchive.org/archive/GRERAK-2,,
73,4,iep.utm.edu,Geometrical Method | Internet Encyclopedia of Philosophy,https://iep.utm.edu/geo-meth/,,
74,4,earlymoderntexts.com,[PDF] Ethics Demonstrated in Geometrical Order - Early Modern Texts,https://www.earlymoderntexts.com/assets/pdfs/spinoza1665.pdf,,
75,2,cambridge.org,Geometrical Method (77.) - The Cambridge Spinoza Lexicon,https://www.cambridge.org/core/books/cambridge-spinoza-lexicon/geometrical-method/9398330A75DFFA68CBD1FD771DA4A924,,
76,1,read.dukeupress.edu,The Geometrical Method in Spinoza's Ethics | Poetics Today,https://read.dukeupress.edu/poetics-today/article/28/3/443/20937/The-Geometrical-Method-in-Spinoza-s-Ethics,,
77,9,gutenberg.org,"The Project Gutenberg E-text of The Ethics, by Benedict de Spinoza",https://www.gutenberg.org/files/3800/3800-h/3800-h.htm,,
78,9,plato.stanford.edu,Spinoza's Psychological Theory - Stanford Encyclopedia of Philosophy,https://plato.stanford.edu/entries/spinoza-psychological/,,
79,8,iep.utm.edu,Spinoza on Free Will and Freedom,https://iep.utm.edu/spinoza-free-will-determinism/,,
80,1,,en.wikisource.org/wiki/Ethics_(Spinoza,https://en.wikisource.org/wiki/Ethics_(Spinoza,,yes
81,2,uky.edu,"[PDF] Perfection, Power and the Passions in Spinoza and Leibniz",https://www.uky.edu/~look/essays/PPP.pdf,,
82,1,ndpr.nd.edu,"Spinoza on Human Freedom: Reason, Autonomy and the Good Life",https://ndpr.nd.edu/reviews/spinoza-on-human-freedom-reason-autonomy-and-the-good-life/,,
83,2,quebecoislibre.org,"SPINOZA ON FREEDOM, ETHICS, AND POLITICS",http://www.quebecoislibre.org/06/060507-2.htm,,
84,1,tandfonline.com,The Intellectual Love of God in Spinoza - Taylor & Francis Online,https://www.tandfonline.com/doi/abs/10.1080/09672559.2022.2136734,,
85,1,compass.onlinelibrary.wiley.com,"Part V of Spinoza's Ethics: Intuitive knowledge, contentment of mind ...",https://compass.onlinelibrary.wiley.com/doi/abs/10.1111/phc3.12838,,
86,1,plato.stanford.edu,Spinoza on the Emotions - Stanford Encyclopedia of Philosophy,https://plato.stanford.edu/entries/emotions-17th18th/LD5Spinoza.html,,
87,1,researchgate.net,(PDF) The Intellectual Love of God in Spinoza - ResearchGate,https://www.researchgate.net/publication/365019103_The_Intellectual_Love_of_God_in_Spinoza,,
88,1,thecollector.com,What Was Baruch Spinoza's Concept of Freedom? - TheCollector,https://www.thecollector.com/what-was-baruch-spinoza-concept-freedom/,,
89,1,earlymoderntexts.com,[PDF] Treatise on Theology and Politics - Early Modern Texts,https://www.earlymoderntexts.com/assets/pdfs/spinoza1669.pdf,,
90,1,en.wikisource.org,Theologico-Political Treatise 1862/Chapter 14 - Wikisource,https://en.wikisource.org/wiki/Theologico-Political_Treatise_1862/Chapter_14,,
91,1,,faculty.umb.edu/gary_zabel/Courses/Spinoza/Texts/Spinoza/tpt16.htm,https://faculty.umb.edu/gary_zabel/Courses/Spinoza/Texts/Spinoza/tpt16.htm,,
92,1,iep.utm.edu,Benedict de Spinoza: Political Philosophy,https://iep.utm.edu/spin-pol/,,
93,1,mdpi.com,Spinoza's Theological–Political Treatise (1670–2020 ... - MDPI,https://www.mdpi.com/2409-9287/6/3/67,,
94,1,philosophers.world,Summary: Ethics - Spinoza - Philosophers.world,https://www.philosophers.world/spinoza/ethics.html,,
95,1,dbanach.com,Spinoza's Method,http://dbanach.com/archive/mickelsen/spinozas_method.html,,
96,1,daily.jstor.org,Nice Guy Spinoza Finishes…First? - JSTOR Daily,https://daily.jstor.org/nice-guy-spinoza-finishes-first/,,
97,1,hackettpublishing.com,Spinoza: The Complete Works - Hackett Publishing,https://www.hackettpublishing.com/the-complete-works,,
98,22,cambridge.org,"Short Treatise on God, Man, and His Well-Being (166.)",https://www.cambridge.org/core/books/cambridge-spinoza-lexicon/short-treatise-on-god-man-and-his-wellbeing/524C1FD0D2A30DAA64BBE499D4118D7D,,
99,1,cambridge.org,Treatise on the Emendation of the Intellect (185.),https://www.cambridge.org/core/books/cambridge-spinoza-lexicon/treatise-on-the-emendation-of-the-intellect/E931822ABFB48CF29805A8E4E18486F8,,
100,1,gutenberg.org,On the Improvement of the Understanding - Project Gutenberg,https://www.gutenberg.org/files/1016/1016-h/1016-h.htm,,
101,10,hackettpublishing.com,Principles of Cartesian Philosophy - Hackett Publishing,https://hackettpublishing.com/principles-of-cartesian-philosophy,,
102,1,philosophynow.org,Was Spinoza Actually An Atheist? | Issue 151 - Philosophy Now,https://philosophynow.org/issues/151/Was_Spinoza_Actually_An_Atheist,,
103,3,philarchive.org,[PDF] Spinoza's Model of God: Pantheism or Panentheism? - PhilArchive,https://philarchive.org/archive/PETSMO-2,,
104,1,academic.oup.com,"Spinoza's 'Atheism', the Ethics and the Tractatus Theologico-Politicus",https://academic.oup.com/book/58063/chapter/477641569,,
105,1,philarchive.org,"[PDF] Spinoza, Naturalism and the Question of God - PhilArchive",https://philarchive.org/archive/GOOSNAv1,,
106,1,newhumanist.org.uk,Spinoza the atheist | New Humanist,https://newhumanist.org.uk/articles/964/spinoza-the-atheist,,
107,2,academic.oup.com,Early Modern Atheism from Spinoza to d'Holbach. By Gianluca Mori,https://academic.oup.com/fs/article/77/1/121/6754813,,
108,1,philarchive.org,[PDF] The Causes of Our Belief in Free Will: Spinoza on Necessary ...,https://philarchive.org/archive/MELTCO-14,,
109,1,alioshabielenberg.com,"Spinoza, conatus, and ethics in a world of absolute necessity",https://alioshabielenberg.com/spinoza-conatus-and-ethics-in-a-world-of-absolute-necessity/,,
110,1,philarchive.org,[PDF] Spinoza's Ethics: Freedom and Determinism by Alfredo Lucero ...,https://philarchive.org/archive/LUCSEF-2,,
111,3,journals.ku.edu,[PDF] Freedom and Determinism in Spinoza - Journals@KU,https://journals.ku.edu/auslegung/article/download/12910/12206/25541,,
112,2,jstor.org,NICHOLAS RESCHER Leibniz as a Critic of Spinoza - jstor,https://www.jstor.org/stable/44148500,,
113,1,,quod.lib.umich.edu/e/ergo/12405314.0002.015/--leibniz-spinoza-and-an-alleged-dilemma-for-rationalists?rgn=main%3Bview=fulltext,https://www.quod.lib.umich.edu/e/ergo/12405314.0002.015/--leibniz-spinoza-and-an-alleged-dilemma-for-rationalists?rgn=main%3Bview=fulltext,,
114,2,jstor.org,Cartesian Refutations of Spinoza - jstor,https://www.jstor.org/stable/2180831,,
115,1,jmphil.org,François Lamy's Cartesian Refutation of Spinoza's Ethics,https://jmphil.org/article/id/2133/,,
116,1,muse.jhu.edu,Hume Contra Spinoza? - Project MUSE - Johns Hopkins University,https://muse.jhu.edu/article/388281/summary,,
117,1,3-16am.co.uk,Having Cake and Eating it With Hume and Spinoza - 3:16,https://www.3-16am.co.uk/articles/having-cake-and-eating-it-with-hume-and-spinoza,,
118,1,philosophy.stackexchange.com,What are some critiques of Spinoza that are generally regarded as ...,https://philosophy.stackexchange.com/questions/65802/what-are-some-critiques-of-spinoza-that-are-generally-regarded-as-holding-weight,,
119,1,crisiscritique.org,[PDF] Spinoza's Rationalist Materialism - CRISIS AND CRITIQUE,https://www.crisiscritique.org/storage/app/media/2021-07-09/60e83c3c0bb0d077702222.pdf,,
120,1,ias.edu,Spinoza and The Origins of Modern Thought - Ideas,https://www.ias.edu/ideas/2007/israel-spinoza,,
121,1,mhra.org.uk,"[PDF] Diderot, Spinoza, and the Question of Virtue",https://www.mhra.org.uk/pdf/wph-2-1.pdf,,
122,1,leftvoice.org,Spinoza's Radical Enlightenment - Left Voice,https://www.leftvoice.org/spinozas-radical-enlightenment/,,
123,1,essentialscholars.org,Enlightenment - Essential Scholars,https://essentialscholars.org/enlightenment,,
124,1,citizenphilosophy.net,"Baruch Spinoza, Rationalist Philosopher",https://www.citizenphilosophy.net/Baruch_Spinoza.html,,
125,1,marxist.com,The Enlightenment and Spinoza's revolutionary rationalism,https://marxist.com/the-enlightenment-and-spinoza-s-revolutionary-rationalism.htm,,
126,1,blogs.timesofisrael.com,"For God's Sake, Remove the Ban on Spinoza | Nathan Lopes Cardozo",https://blogs.timesofisrael.com/for-gods-sake-remove-the-ban-on-spinoza/,,
127,1,jewishnews.co.uk,Spinoza writ is 'still valid' - Jewish News,https://www.jewishnews.co.uk/spinoza-writ-is-still-valid/,,
128,1,jewishstudies.washington.edu,"We're reconsidering Spinoza, but would he reconsider us?",https://jewishstudies.washington.edu/jewish-history-and-thought/marc-cohen-reconsidering-spinoza/,,
129,1,equip.org,Baruch Spinoza's Scientific Pantheism | Christian Research Institute,https://www.equip.org/articles/baruch-spinozas-scientific-pantheism/,,
130,1,engelsbergideas.com,The salvation of Spinoza - Engelsberg Ideas,http://engelsbergideas.com/essays/the-salvation-of-spinoza/,,
131,1,reddit.com,How did Christian Spinozists reconcile Spinoza's conception of God ...,https://www.reddit.com/r/askphilosophy/comments/92vv83/how_did_christian_spinozists_reconcile_spinozas/,,
132,1,reasonablefaith.org,Doctrine of Creation (Part 16): Rebutting Spinoza's Objections to ...,https://www.reasonablefaith.org/podcasts/defenders-podcast-series-3/s3-doctrine-of-creation/doctrine-of-creation-part-16,,
133,1,jewishstudies.washington.edu,Was Spinoza a heretic or a theologian? - UW Stroum Center for ...,https://jewishstudies.washington.edu/jewish-history-and-thought/spinoza-heretic-or-theologian/,,
134,1,philosophybreak.com,Pantheism: Spinoza and the God that Einstein Believed In,https://philosophybreak.com/articles/pantheism-spinoza-and-the-god-that-einstein-believed-in/,,
135,1,prospectmagazine.co.uk,"Spinoza's God: Einstein believed in it, but what was it?",https://www.prospectmagazine.co.uk/culture/37996/spinozas-god-einstein-believed-in-it-but-what-was-it,,
136,1,sites.dartmouth.edu,Einstein's (Bad) Love Poem - Sites at Dartmouth,https://sites.dartmouth.edu/dujs/2013/11/03/einsteins-bad-love-poem-2/,,
137,1,donaldrobertson.name,Spinoza's Philosophical Psychotherapy - Donald J. Robertson,https://donaldrobertson.name/2014/04/18/spinozas-philosophical-psychotherapy/,,
138,2,papertrell.com,How did Spinoza contribute to the history of psychology? - Papertrell,https://www.papertrell.com/apps/preview/The-Handy-Psychology-Answer-Book/Handy%2520Answer%2520book/How-did-Spinoza-contribute-to-the-history-of-psychology/001137018/content/SC/52cafee382fad14abfa5c2e0_default.html,,
139,1,psycnet.apa.org,Spinoza's influence on the rise of scientific psychology - APA PsycNet,https://psycnet.apa.org/record/1972-30054-001,,
140,1,phil.washington.edu,Spinoza's Political Philosophy - University of Washington,https://phil.washington.edu/research/publications/spinozas-political-philosophy,,
141,1,curate.nd.edu,[PDF] Envy in Spinoza's Political Science - Curate ND,https://curate.nd.edu/ndownloader/files/43576095/1,,
142,1,ndpr.nd.edu,Spinoza's Vital Republicanism and the Democratic Power of Judgment,https://ndpr.nd.edu/reviews/becoming-political-spinozas-vital-republicanism-and-the-democratic-power-of-judgment/,,
143,1,researchgate.net,What kind of monism is Spinoza's?—A new analysis - ResearchGate,https://www.researchgate.net/publication/395745031_What_kind_of_monism_is_Spinoza%27s-A_new_analysis,,
144,1,semanticscholar.org,Spinoza's 'Infinite Modes' Reconsidered - Semantic Scholar,https://www.semanticscholar.org/paper/Spinoza%25E2%2580%2599s-%25E2%2580%2598Infinite-Modes%25E2%2580%2599-Reconsidered-Primus/e48feb39a2a7369058144078b2216f6f35118388,,
145,1,philosophynews.com,Spinoza Reborn - Philosophy News,https://philosophynews.com/spinoza-reborn/,,
146,1,scirp.org,"Spinoza's Political Theory: Naturalism, Determinism and ...",https://www.scirp.org/journal/paperinformation?paperid=76577,,
147,1,researchgate.net,Reconsidering Spinoza's 'Rationalism' - ResearchGate,https://www.researchgate.net/publication/355254529_Reconsidering_Spinoza%27s_%27Rationalism%27,,
148,1,sourcesjournal.org,Lifting the Ban? Spinoza and the Boundaries of Belonging,https://www.sourcesjournal.org/articles/lifting-the-ban-spinoza-and-the-boundaries-of-belonging,,
149,1,jewishstudies.washington.edu,Should the Ban on Spinoza Be Lifted?,https://jewishstudies.washington.edu/jewish-history-and-thought/daniel-schwartz-ban-on-spinoza/,,
150,1,timesofisrael.com,"In echo of excommunication, top Spinoza scholar banned from Amsterdam synagogue",https://www.timesofisrael.com/in-echo-of-excommunication-top-spinoza-scholar-banned-from-amsterdam-synagogue/,,
151,1,mdpi.com,Special Issue : Spinoza's Theological-Political Treatise (1670–2020 ...,https://www.mdpi.com/journal/philosophies/special_issues/Spinoza_theological_political_treatise,,
152,1,project-syndicate.org,A Philosopher for Our Times by Enrique Krauze - Project Syndicate,https://www.project-syndicate.org/onpoint/spinoza-free-thought-against-intolerance-illiberalism-by-enrique-krauze-2024-07,,
